PLAYER_NAME,PLAYER_ID,GAME_DATE,MATCHUP,MIN,PTS,REB,AST,STL,BLK,TOV,FG3M,FGA,FG_PCT,FTA,PLUS_MINUS,WL
Tyrese Maxey,1630178,2026-01-26,PHI @ CHA,25,6,2,7,1,0,2,0,12,0.25,0,-36,L
Jalen Johnson,1630552,2026-01-26,ATL vs. IND,35,15,7,6,4,1,4,1,19,0.263,4,0,W
Moussa Diabaté,1631217,2026-01-26,CHA vs. PHI,20,12,5,0,0,0,1,0,7,0.857,1,32,W
Jay Huff,1630643,2026-01-26,IND @ ATL,3,3,1,1,0,0,0,1,1,1.0,0,-3,L
Onyeka Okongwu,1630168,2026-01-26,ATL vs. IND,31,12,10,2,0,1,1,2,13,0.385,0,7,W
Vít Krejčí,1630249,2026-01-26,ATL vs. IND,6,0,1,0,0,0,0,0,1,0.0,0,6,W
Miles Bridges,1628970,2026-01-26,CHA vs. PHI,19,10,3,3,0,1,0,1,7,0.571,1,22,W
Nickeil Alexander-Walker,1629638,2026-01-26,ATL vs. IND,34,21,3,3,3,1,4,5,13,0.385,6,10,W
LaMelo Ball,1630163,2026-01-26,CHA vs. PHI,20,11,2,8,1,0,4,2,12,0.333,1,36,W
Quentin Grimes,1629656,2026-01-26,PHI @ CHA,26,14,3,5,1,0,2,0,12,0.417,5,-7,L
CJ McCollum,203468,2026-01-26,ATL vs. IND,28,23,8,7,2,1,2,5,15,0.6,0,27,W
Andrew Nembhard,1629614,2026-01-26,IND @ ATL,30,6,5,13,1,1,4,0,10,0.3,1,2,L
Pascal Siakam,1627783,2026-01-26,IND @ ATL,35,26,9,4,0,3,0,2,21,0.381,9,-3,L
Kon Knueppel,1642851,2026-01-26,CHA vs. PHI,20,12,8,6,2,0,4,2,9,0.556,0,28,W
Dyson Daniels,1630700,2026-01-26,ATL vs. IND,35,22,5,9,1,1,1,1,15,0.667,2,2,W
VJ Edgecombe,1642845,2026-01-26,PHI @ CHA,26,9,6,1,0,0,2,1,11,0.182,4,-36,L
Sion James,1642883,2026-01-26,CHA vs. PHI,19,0,1,1,0,0,1,0,2,0.0,0,0,W
Jarace Walker,1641716,2026-01-26,IND @ ATL,30,12,7,3,5,1,3,2,8,0.5,2,0,L
Keldon Johnson,1629640,2026-01-25,SAS vs. NOP,28,15,2,1,0,0,0,1,12,0.5,4,-14,L
Ivica Zubac,1627826,2026-01-25,LAC vs. BKN,23,11,10,1,1,0,1,0,5,0.8,4,4,W
Bam Adebayo,1628389,2026-01-25,MIA @ PHX,32,22,7,1,2,1,1,2,16,0.375,8,-7,W
Duncan Robinson,1629130,2026-01-25,DET vs. SAC,24,13,0,1,0,0,1,3,9,0.556,0,10,W
Naz Reid,1629675,2026-01-25,MIN vs. GSW,25,0,10,1,0,1,2,0,4,0.0,2,-9,L
Pelle Larsson,1641796,2026-01-25,MIA @ PHX,35,10,7,2,0,0,3,0,9,0.444,3,-14,W
De'Aaron Fox,1628368,2026-01-25,SAS vs. NOP,35,12,2,7,0,0,4,3,8,0.5,4,-13,L
Oso Ighodaro,1642345,2026-01-25,PHX vs. MIA,17,6,7,1,0,2,0,0,5,0.6,2,-25,L
Stephen Curry,201939,2026-01-25,GSW @ MIN,28,26,2,7,4,0,2,3,18,0.389,9,16,W
Jordan Goodwin,1630692,2026-01-25,PHX vs. MIA,22,2,5,2,0,1,2,0,7,0.143,0,-4,L
Cason Wallace,1641717,2026-01-25,OKC vs. TOR,16,3,1,1,0,0,1,0,3,0.333,2,-4,L
Stephon Castle,1642264,2026-01-25,SAS vs. NOP,29,5,4,5,1,0,2,0,6,0.167,4,-19,L
Victor Wembanyama,1641705,2026-01-25,SAS vs. NOP,31,16,16,0,0,4,3,2,16,0.375,6,-12,L
John Collins,1628381,2026-01-25,LAC vs. BKN,26,18,5,1,3,0,1,2,14,0.5,2,3,W
Shai Gilgeous-Alexander,1628983,2026-01-25,OKC vs. TOR,35,24,3,6,1,2,2,0,11,0.727,10,-3,L
Julius Randle,203944,2026-01-25,MIN vs. GSW,35,11,5,6,3,1,1,0,11,0.273,6,-15,L
Chet Holmgren,1631096,2026-01-25,OKC vs. TOR,29,11,10,0,0,0,2,0,10,0.5,2,-9,L
James Harden,201935,2026-01-25,LAC vs. BKN,31,19,6,8,1,1,5,3,8,0.375,10,22,W
Derik Queen,1642852,2026-01-25,NOP @ SAS,17,4,4,1,0,0,4,0,7,0.286,0,3,W
Julian Champagnie,1630577,2026-01-25,SAS vs. NOP,29,13,4,1,0,0,0,1,9,0.333,6,-3,L
Jaden McDaniels,1630183,2026-01-25,MIN vs. GSW,28,3,3,1,1,0,4,1,8,0.125,0,-13,L
Luke Kornet,1628436,2026-01-25,SAS vs. NOP,20,5,8,1,0,1,0,0,5,0.4,2,8,L
Russell Westbrook,201566,2026-01-25,SAC @ DET,22,13,2,4,2,0,4,2,9,0.444,3,-16,L
Immanuel Quickley,1630193,2026-01-25,TOR @ OKC,32,23,11,2,2,0,1,6,14,0.5,4,2,W
Rudy Gobert,203497,2026-01-25,MIN vs. GSW,24,4,5,0,0,0,0,0,3,0.667,0,-21,L
Donte DiVincenzo,1628978,2026-01-25,MIN vs. GSW,32,22,7,0,1,0,5,6,19,0.368,2,-21,L
Royce O'Neale,1626220,2026-01-25,PHX vs. MIA,31,8,5,5,2,0,2,0,10,0.2,4,-10,L
Andrew Wiggins,203952,2026-01-25,MIA @ PHX,24,10,10,3,0,0,0,0,12,0.417,0,10,W
Maxime Raynaud,1642875,2026-01-25,SAC @ DET,22,2,4,0,0,1,2,0,6,0.167,0,-12,L
Cade Cunningham,1630595,2026-01-25,DET vs. SAC,30,29,5,11,3,1,5,3,22,0.591,1,18,W
Collin Gillespie,1631221,2026-01-25,PHX vs. MIA,31,11,4,0,0,0,2,3,12,0.333,0,-9,L
Jaime Jaquez Jr.,1631170,2026-01-25,MIA @ PHX,36,20,5,6,0,1,2,1,11,0.727,4,19,W
Anthony Edwards,1630162,2026-01-25,MIN vs. GSW,34,32,11,2,0,1,8,4,20,0.65,3,-16,L
Harrison Barnes,203084,2026-01-25,SAS vs. NOP,19,5,1,3,0,0,0,1,2,0.5,2,-9,L
Norman Powell,1626181,2026-01-25,MIA @ PHX,31,16,10,1,1,0,2,2,21,0.238,4,7,W
Brandin Podziemski,1641764,2026-01-25,GSW @ MIN,22,12,5,6,4,0,2,0,10,0.6,0,16,W
Jeremiah Fears,1642847,2026-01-25,NOP @ SAS,16,8,3,0,0,0,2,0,9,0.444,0,-4,W
Nic Claxton,1629651,2026-01-25,BKN @ LAC,24,6,6,1,2,1,1,0,6,0.5,0,-28,L
Dillon Brooks,1628415,2026-01-25,PHX vs. MIA,36,26,5,2,1,2,0,2,23,0.478,2,-7,L
Saddiq Bey,1630180,2026-01-25,NOP @ SAS,33,24,10,4,1,0,0,3,15,0.467,9,22,W
Jamal Shead,1642347,2026-01-25,TOR @ OKC,24,9,4,5,1,0,1,1,9,0.444,2,1,W
Kris Dunn,1627739,2026-01-25,LAC vs. BKN,13,2,3,0,1,0,1,0,3,0.333,0,15,W
Moses Moody,1630541,2026-01-25,GSW @ MIN,28,19,8,2,0,2,1,5,15,0.467,0,13,W
Michael Porter Jr.,1629008,2026-01-25,BKN @ LAC,22,9,2,4,0,0,1,0,11,0.273,3,-25,L
Dennis Schröder,203471,2026-01-25,SAC @ DET,25,15,1,7,1,0,7,1,10,0.5,6,-13,L
DeMar DeRozan,201942,2026-01-25,SAC @ DET,19,16,0,4,0,0,2,0,12,0.5,6,-9,L
Luguentz Dort,1629652,2026-01-25,OKC vs. TOR,36,19,8,2,2,0,1,4,10,0.6,5,3,L
Isaiah Stewart,1630191,2026-01-25,DET vs. SAC,24,8,8,0,0,2,0,0,6,0.333,5,11,W
Trey Murphy III,1630530,2026-01-25,NOP @ SAS,38,17,6,9,0,0,1,3,22,0.318,1,13,W
Brandon Ingram,1627742,2026-01-25,TOR @ OKC,36,13,5,4,0,2,1,0,18,0.278,4,-4,W
Ausar Thompson,1641709,2026-01-25,DET vs. SAC,20,5,5,6,2,0,2,0,5,0.4,2,9,W
Draymond Green,203110,2026-01-25,GSW @ MIN,23,2,5,5,2,0,1,0,5,0.2,0,14,W
Terance Mann,1629611,2026-01-25,BKN @ LAC,20,8,3,2,2,0,2,2,6,0.5,0,-16,L
Mark Williams,1631109,2026-01-25,PHX vs. MIA,24,11,8,1,0,1,1,0,6,0.667,4,10,L
Jalen Duren,1631105,2026-01-25,DET vs. SAC,24,18,6,1,2,1,0,0,8,0.875,5,7,W
Kawhi Leonard,202695,2026-01-25,LAC vs. BKN,25,28,5,2,1,1,1,2,17,0.529,9,14,W
Egor Dëmin,1642856,2026-01-25,BKN @ LAC,29,12,2,5,1,0,1,3,11,0.273,3,-12,L
Scottie Barnes,1630567,2026-01-25,TOR @ OKC,32,10,11,8,1,3,2,0,8,0.375,4,15,W
Sandro Mamukelashvili,1630572,2026-01-25,TOR @ OKC,32,10,5,3,1,1,1,0,8,0.375,8,-8,W
Zion Williamson,1629627,2026-01-25,NOP @ SAS,33,24,10,4,0,1,1,0,18,0.556,5,17,W
Jalen Brunson,1628973,2026-01-24,NYK @ PHI,38,31,5,6,0,0,2,6,24,0.458,5,7,W
Marcus Smart,203935,2026-01-24,LAL @ DAL,32,13,7,3,0,2,3,2,10,0.4,5,-2,W
Svi Mykhailiuk,1629004,2026-01-24,UTA vs. MIA,17,8,3,1,1,0,2,0,4,0.75,2,-15,L
Norman Powell,1626181,2026-01-24,MIA @ UTA,25,13,4,6,0,0,0,0,11,0.273,10,15,W
Miles Bridges,1628970,2026-01-24,CHA vs. WAS,29,20,3,4,0,2,2,3,13,0.538,5,3,W
Alex Sarr,1642259,2026-01-24,WAS @ CHA,37,24,4,1,1,1,2,1,19,0.579,1,-16,L
Bub Carrington,1642267,2026-01-24,WAS @ CHA,32,15,3,8,1,0,2,5,11,0.455,0,-12,L
Matas Buzelis,1641824,2026-01-24,CHI vs. BOS,32,14,8,5,0,1,2,4,13,0.385,0,15,W
LeBron James,2544,2026-01-24,LAL @ DAL,37,17,8,5,1,1,1,1,16,0.5,0,-8,W
Jarrett Allen,1628386,2026-01-24,CLE @ ORL,25,8,6,1,3,2,2,0,5,0.6,2,7,W
Kyle Filipowski,1642271,2026-01-24,UTA vs. MIA,16,9,4,3,1,0,0,1,6,0.667,0,0,L
Wendell Carter Jr.,1628976,2026-01-24,ORL vs. CLE,30,11,5,3,1,2,3,1,9,0.333,4,-2,L
Cooper Flagg,1642843,2026-01-24,DAL vs. LAL,34,16,7,6,2,0,0,1,20,0.35,2,-4,L
Payton Pritchard,1630202,2026-01-24,BOS @ CHI,30,10,3,7,0,0,1,1,10,0.4,1,-4,L
Desmond Bane,1630217,2026-01-24,ORL vs. CLE,38,20,4,3,2,0,3,2,14,0.5,4,-8,L
Ayo Dosunmu,1630245,2026-01-24,CHI vs. BOS,23,10,2,0,0,1,3,2,9,0.444,0,-10,W
Jaylen Brown,1627759,2026-01-24,BOS @ CHI,37,33,8,5,1,1,2,2,28,0.5,4,-13,L
Tristan da Silva,1641783,2026-01-24,ORL vs. CLE,20,0,1,0,1,0,0,0,3,0.0,0,4,L
P.J. Washington,1629023,2026-01-24,DAL vs. LAL,26,2,3,0,1,1,1,0,5,0.2,0,-9,L
VJ Edgecombe,1642845,2026-01-24,PHI vs. NYK,39,14,3,4,1,0,2,1,9,0.556,4,1,L
Quentin Grimes,1629656,2026-01-24,PHI vs. NYK,19,4,3,3,0,1,0,0,6,0.333,0,0,L
Evan Mobley,1630596,2026-01-24,CLE @ ORL,35,13,7,3,0,1,2,1,14,0.286,4,14,W
Jusuf Nurkić,203994,2026-01-24,UTA vs. MIA,31,17,10,12,1,1,3,1,13,0.615,2,-30,L
Nikola Vučević,202696,2026-01-24,CHI vs. BOS,35,16,7,6,1,2,1,2,10,0.7,0,-7,W
Anthony Black,1641710,2026-01-24,ORL vs. CLE,40,16,5,5,2,1,2,3,12,0.5,2,-6,L
Klay Thompson,202691,2026-01-24,DAL vs. LAL,14,6,3,1,2,0,3,2,5,0.4,2,5,L
Ace Bailey,1642846,2026-01-24,UTA vs. MIA,28,12,2,2,1,2,0,0,15,0.4,0,-23,L
Andrew Wiggins,203952,2026-01-24,MIA @ UTA,27,17,6,6,1,0,1,2,12,0.5,3,14,W
Donovan Mitchell,1628378,2026-01-24,CLE @ ORL,38,36,5,9,2,0,3,2,30,0.5,5,15,W
Naji Marshall,1630230,2026-01-24,DAL vs. LAL,37,21,11,2,1,0,3,0,15,0.467,10,-8,L
Karl-Anthony Towns,1626157,2026-01-24,NYK @ PHI,16,10,6,1,0,1,2,1,4,0.5,7,-6,W
LaMelo Ball,1630163,2026-01-24,CHA vs. WAS,32,20,2,11,1,0,3,3,19,0.421,1,6,W
Luka Dončić,1629029,2026-01-24,LAL @ DAL,39,33,8,11,1,1,5,3,15,0.533,15,18,W
Jaime Jaquez Jr.,1631170,2026-01-24,MIA @ UTA,28,9,7,5,1,0,3,0,10,0.4,1,22,W
Brice Sensabaugh,1641729,2026-01-24,UTA vs. MIA,23,23,4,1,0,0,2,4,15,0.467,6,-6,L
Miles McBride,1630540,2026-01-24,NYK @ PHI,26,9,1,2,2,0,0,1,11,0.273,4,-1,W
Kevin Huerter,1628989,2026-01-24,CHI vs. BOS,24,12,6,3,1,0,0,2,7,0.714,0,5,W
Brandon Williams,1630314,2026-01-24,DAL vs. LAL,23,20,4,4,0,0,2,0,17,0.471,5,-24,L
Derrick White,1628401,2026-01-24,BOS @ CHI,39,15,7,7,1,1,0,3,18,0.278,2,1,L
Max Christie,1631108,2026-01-24,DAL vs. LAL,35,24,2,3,1,0,0,4,18,0.444,4,-9,L
Kon Knueppel,1642851,2026-01-24,CHA vs. WAS,32,16,4,3,1,0,1,3,11,0.455,4,-9,W
Deandre Ayton,1629028,2026-01-24,LAL @ DAL,24,9,11,0,0,1,1,0,16,0.25,2,-12,W
Isaiah Collier,1642268,2026-01-24,UTA vs. MIA,28,16,6,9,0,1,2,0,10,0.6,6,-11,L
Josh Giddey,1630581,2026-01-24,CHI vs. BOS,24,4,8,10,0,0,5,0,6,0.167,2,-5,W
Tyrese Maxey,1630178,2026-01-24,PHI vs. NYK,38,22,3,6,2,1,3,3,15,0.533,3,-7,L
Neemias Queta,1629674,2026-01-24,BOS @ CHI,24,6,3,0,2,1,0,0,6,0.333,2,3,L
Keyonte George,1641718,2026-01-24,UTA vs. MIA,36,19,2,5,2,0,2,0,19,0.316,8,-27,L
Jake LaRavia,1631222,2026-01-24,LAL @ DAL,30,13,6,1,0,1,4,2,8,0.5,4,12,W
Mikal Bridges,1628969,2026-01-24,NYK @ PHI,29,9,3,4,0,0,2,1,16,0.188,2,4,W
OG Anunoby,1628384,2026-01-24,NYK @ PHI,36,23,7,4,2,0,2,2,15,0.667,2,-8,W
Anfernee Simons,1629014,2026-01-24,BOS @ CHI,28,21,4,5,2,0,2,5,16,0.5,0,0,L
Sam Hauser,1630573,2026-01-24,BOS @ CHI,24,8,4,3,2,0,0,2,7,0.429,0,-12,L
Rui Hachimura,1629060,2026-01-24,LAL @ DAL,27,17,8,1,0,1,0,4,13,0.462,1,21,W
Josh Hart,1628404,2026-01-24,NYK @ PHI,37,10,13,7,0,1,1,1,9,0.444,5,5,W
Sion James,1642883,2026-01-24,CHA vs. WAS,16,6,5,2,0,0,4,0,5,0.4,3,-2,W
Tre Johnson,1642848,2026-01-24,WAS @ CHA,37,26,0,6,0,0,2,6,22,0.364,5,-2,L
Jaylon Tyson,1642281,2026-01-24,CLE @ ORL,32,17,5,4,0,0,2,3,9,0.556,4,5,W
Pelle Larsson,1641796,2026-01-24,MIA @ UTA,25,20,2,3,0,1,2,3,11,0.636,3,18,W
Isaac Okoro,1630171,2026-01-24,CHI vs. BOS,27,12,2,1,0,2,0,2,9,0.556,1,8,W
Paolo Banchero,1631094,2026-01-24,ORL vs. CLE,38,27,5,2,0,0,2,3,14,0.5,12,-6,L
Bam Adebayo,1628389,2026-01-24,MIA @ UTA,31,26,15,2,0,1,3,4,19,0.421,6,19,W
Moussa Diabaté,1631217,2026-01-24,CHA vs. WAS,32,11,14,0,1,0,2,0,3,0.667,8,13,W
Kyshawn George,1642273,2026-01-24,WAS @ CHA,25,11,8,7,2,1,2,2,15,0.267,1,-10,L
Maxime Raynaud,1642875,2026-01-23,SAC @ CLE,9,0,1,0,0,0,0,0,2,0.0,0,-6,L
Egor Dëmin,1642856,2026-01-23,BKN vs. BOS,21,6,4,2,1,0,2,2,4,0.5,0,-9,L
Neemias Queta,1629674,2026-01-23,BOS @ BKN,28,6,5,3,1,1,1,0,3,0.667,2,2,W
Donovan Clingan,1642270,2026-01-23,POR vs. TOR,29,13,16,2,3,0,0,1,14,0.429,0,0,L
Spencer Jones,1642461,2026-01-23,DEN @ MIL,38,5,5,2,2,1,0,1,6,0.333,0,7,W
Evan Mobley,1630596,2026-01-23,CLE vs. SAC,35,29,13,7,0,4,0,0,24,0.542,5,17,W
Royce O'Neale,1626220,2026-01-23,PHX @ ATL,28,5,2,3,2,1,4,1,5,0.4,0,-21,L
Derik Queen,1642852,2026-01-23,NOP @ MEM,27,8,9,5,3,0,4,0,8,0.25,4,7,W
Jordan Goodwin,1630692,2026-01-23,PHX @ ATL,18,2,2,5,0,1,0,0,4,0.25,0,4,L
Bruce Brown,1628971,2026-01-23,DEN @ MIL,26,15,3,3,2,0,2,1,11,0.545,2,-20,W
Cedric Coward,1642907,2026-01-23,MEM vs. NOP,28,13,3,4,0,1,0,3,11,0.455,0,-2,L
Russell Westbrook,201566,2026-01-23,SAC @ CLE,27,11,5,3,0,0,0,3,12,0.25,2,-18,L
Anfernee Simons,1629014,2026-01-23,BOS @ BKN,37,10,3,2,2,0,3,1,16,0.25,2,6,W
Ryan Rollins,1631157,2026-01-23,MIL vs. DEN,35,21,4,1,3,0,1,4,20,0.4,1,0,L
Reed Sheppard,1642263,2026-01-23,HOU @ DET,25,18,0,1,1,0,2,1,15,0.4,5,-5,W
Devin Booker,1626164,2026-01-23,PHX @ ATL,28,31,4,3,1,0,2,5,21,0.571,2,5,L
Jock Landale,1629111,2026-01-23,MEM vs. NOP,32,24,11,2,1,1,2,2,18,0.611,0,-3,L
Jarace Walker,1641716,2026-01-23,IND @ OKC,31,26,4,3,2,0,2,3,15,0.533,11,9,W
Kyle Kuzma,1628398,2026-01-23,MIL vs. DEN,35,11,10,6,0,0,1,1,10,0.4,6,5,L
Zion Williamson,1629627,2026-01-23,NOP @ MEM,33,24,11,4,2,1,1,0,17,0.529,11,12,W
Payton Pritchard,1630202,2026-01-23,BOS @ BKN,40,32,4,4,0,0,1,6,24,0.542,0,-3,W
Jaylen Brown,1627759,2026-01-23,BOS @ BKN,46,27,10,12,1,0,2,4,27,0.333,10,11,W
Zach LaVine,203897,2026-01-23,SAC @ CLE,23,10,0,0,1,0,1,2,8,0.5,0,-20,L
Cade Cunningham,1630595,2026-01-23,DET vs. HOU,38,12,1,8,2,1,6,0,13,0.385,3,-10,L
Mark Williams,1631109,2026-01-23,PHX @ ATL,21,6,5,1,3,0,0,0,8,0.375,0,-10,L
Bobby Portis,1626171,2026-01-23,MIL vs. DEN,26,11,9,0,0,0,0,3,12,0.333,0,7,L
Jaren Jackson Jr.,1628991,2026-01-23,MEM vs. NOP,32,26,12,3,1,4,2,2,18,0.389,11,1,L
Sandro Mamukelashvili,1630572,2026-01-23,TOR @ POR,35,22,6,4,1,0,2,3,15,0.6,2,25,W
Tim Hardaway Jr.,203501,2026-01-23,DEN @ MIL,26,17,4,2,0,0,1,3,14,0.357,4,0,W
Saddiq Bey,1630180,2026-01-23,NOP @ MEM,32,36,4,4,1,0,0,6,20,0.65,4,5,W
Luguentz Dort,1629652,2026-01-23,OKC vs. IND,35,2,3,1,0,0,1,0,9,0.111,0,-17,L
Alperen Sengun,1630578,2026-01-23,HOU @ DET,30,19,1,5,2,0,5,0,11,0.545,10,2,W
Sam Hauser,1630573,2026-01-23,BOS @ BKN,39,19,4,3,1,0,0,5,12,0.583,0,-5,W
De'Andre Hunter,1629631,2026-01-23,CLE vs. SAC,19,9,0,0,0,0,0,1,9,0.333,2,-12,W
Jay Huff,1630643,2026-01-23,IND @ OKC,2,0,0,0,0,0,0,0,0,,0,-1,W
Noah Clowney,1641730,2026-01-23,BKN vs. BOS,43,15,9,1,0,1,3,3,14,0.357,2,-4,L
Duncan Robinson,1629130,2026-01-23,DET vs. HOU,26,9,2,0,0,1,1,2,8,0.25,5,-15,L
Dillon Brooks,1628415,2026-01-23,PHX @ ATL,34,11,6,2,1,0,1,1,18,0.222,2,-11,L
Cam Spencer,1642285,2026-01-23,MEM vs. NOP,28,21,5,11,0,1,2,4,9,0.778,4,-2,L
Nic Claxton,1629651,2026-01-23,BKN vs. BOS,39,18,9,4,0,2,0,0,13,0.615,2,-1,L
Ausar Thompson,1641709,2026-01-23,DET vs. HOU,24,12,8,3,2,0,2,0,8,0.625,2,-14,L
Jeremiah Fears,1642847,2026-01-23,NOP @ MEM,23,12,2,4,1,1,0,2,10,0.4,2,5,W
Dennis Schröder,203471,2026-01-23,SAC @ CLE,31,21,4,4,0,0,2,3,12,0.5,6,19,L
Chet Holmgren,1631096,2026-01-23,OKC vs. IND,33,25,13,3,0,3,0,2,14,0.571,8,13,L
Vít Krejčí,1630249,2026-01-23,ATL vs. PHX,5,0,0,1,0,0,0,0,0,,0,5,W
Myles Turner,1626167,2026-01-23,MIL vs. DEN,29,17,7,2,1,6,1,1,12,0.583,2,-3,L
Cason Wallace,1641717,2026-01-23,OKC vs. IND,30,10,5,1,2,0,0,3,7,0.429,2,0,L
Michael Porter Jr.,1629008,2026-01-23,BKN vs. BOS,42,30,8,4,0,1,2,4,19,0.474,9,0,L
Shaedon Sharpe,1631101,2026-01-23,POR vs. TOR,32,21,7,4,1,0,3,1,23,0.435,0,-8,L
Oso Ighodaro,1642345,2026-01-23,PHX @ ATL,27,8,7,2,2,1,1,0,7,0.571,0,3,L
Andrew Nembhard,1629614,2026-01-23,IND @ OKC,36,27,7,11,0,0,3,4,16,0.625,4,16,W
CJ McCollum,203468,2026-01-23,ATL vs. PHX,29,21,4,0,0,0,2,2,15,0.6,2,-6,W
Jalen Duren,1631105,2026-01-23,DET vs. HOU,26,18,7,0,0,0,2,0,13,0.538,4,-15,L
Isaiah Stewart,1630191,2026-01-23,DET vs. HOU,25,16,4,2,0,0,0,0,9,0.778,2,4,L
Collin Gillespie,1631221,2026-01-23,PHX @ ATL,35,16,6,4,2,0,1,3,12,0.5,1,-2,L
Jaylon Tyson,1642281,2026-01-23,CLE vs. SAC,36,17,7,4,0,0,3,3,14,0.429,3,20,W
Jaylen Wells,1642377,2026-01-23,MEM vs. NOP,25,11,3,3,1,0,5,1,7,0.571,3,3,L
Jamal Shead,1642347,2026-01-23,TOR @ POR,20,0,3,5,1,0,0,0,1,0.0,0,2,W
Jarrett Allen,1628386,2026-01-23,CLE vs. SAC,34,15,9,0,2,1,0,0,6,0.5,10,7,W
Sidy Cissoko,1631321,2026-01-23,POR vs. TOR,33,3,3,1,0,1,1,0,6,0.167,2,-8,L
Toumani Camara,1641739,2026-01-23,POR vs. TOR,37,16,6,2,1,1,1,4,12,0.417,2,-8,L
Brandon Ingram,1627742,2026-01-23,TOR @ POR,35,20,7,3,2,1,2,1,15,0.467,7,11,W
DeMar DeRozan,201942,2026-01-23,SAC @ CLE,30,20,4,3,0,0,2,0,12,0.5,9,-24,L
Shai Gilgeous-Alexander,1628983,2026-01-23,OKC vs. IND,35,47,4,4,1,1,1,1,28,0.607,12,4,L
Onyeka Okongwu,1630168,2026-01-23,ATL vs. PHX,36,25,5,5,2,0,3,3,15,0.6,4,12,W
Donovan Mitchell,1628378,2026-01-23,CLE vs. SAC,34,33,5,8,1,0,1,5,25,0.44,7,5,W
Kentavious Caldwell-Pope,203484,2026-01-23,MEM vs. NOP,23,4,3,3,0,0,0,0,9,0.111,2,-8,L
Pascal Siakam,1627783,2026-01-23,IND @ OKC,37,21,6,6,0,0,1,2,20,0.45,3,-6,W
Trey Murphy III,1630530,2026-01-23,NOP @ MEM,36,32,3,3,3,0,1,2,15,0.6,12,6,W
Jalen Johnson,1630552,2026-01-23,ATL vs. PHX,39,23,18,9,0,0,5,1,18,0.556,5,15,W
Kevin Durant,201142,2026-01-23,HOU @ DET,41,32,7,3,1,1,0,5,19,0.579,6,18,W
Immanuel Quickley,1630193,2026-01-23,TOR @ POR,34,20,8,7,2,0,1,2,15,0.6,0,9,W
Amen Thompson,1641708,2026-01-23,HOU @ DET,40,15,9,7,2,1,1,0,11,0.455,5,11,W
Nickeil Alexander-Walker,1629638,2026-01-23,ATL vs. PHX,33,13,0,3,2,1,5,2,12,0.333,3,1,W
Jabari Smith Jr.,1631095,2026-01-23,HOU @ DET,37,11,10,3,2,2,2,1,9,0.556,0,-1,W
Jerami Grant,203924,2026-01-23,POR vs. TOR,26,8,2,2,1,1,3,0,8,0.25,6,0,L
Scottie Barnes,1630567,2026-01-23,TOR @ POR,35,15,9,4,0,6,4,0,15,0.4,4,9,W
Dyson Daniels,1630700,2026-01-23,ATL vs. PHX,37,8,8,4,0,0,1,0,6,0.667,0,22,W
Wendell Carter Jr.,1628976,2026-01-22,ORL vs. CHA,20,4,3,3,1,0,0,0,6,0.333,0,-10,L
Quentin Grimes,1629656,2026-01-22,PHI vs. HOU,19,3,1,3,1,0,1,0,2,0.5,1,-11,W
Kevin Durant,201142,2026-01-22,HOU @ PHI,44,36,7,3,0,1,8,5,21,0.619,6,-15,L
Naz Reid,1629675,2026-01-22,MIN vs. CHI,29,20,6,5,2,3,3,4,12,0.667,0,4,L
Moses Moody,1630541,2026-01-22,GSW @ DAL,23,12,3,3,2,1,0,3,7,0.571,1,-5,L
Bruce Brown,1628971,2026-01-22,DEN @ WAS,18,6,6,2,2,0,1,0,8,0.375,0,-7,W
Anthony Black,1641710,2026-01-22,ORL vs. CHA,28,4,2,2,0,1,1,1,11,0.091,2,-23,L
Donte DiVincenzo,1628978,2026-01-22,MIN vs. CHI,35,11,3,4,2,1,1,3,10,0.4,0,1,L
Jaime Jaquez Jr.,1631170,2026-01-22,MIA @ POR,26,4,5,3,0,0,2,0,7,0.143,2,-7,L
De'Aaron Fox,1628368,2026-01-22,SAS @ UTA,35,31,5,5,0,1,1,6,13,0.769,6,13,W
James Harden,201935,2026-01-22,LAC vs. LAL,38,18,7,10,2,0,7,2,21,0.286,4,13,W
Miles Bridges,1628970,2026-01-22,CHA @ ORL,30,10,8,2,1,0,2,1,12,0.333,2,28,W
Stephen Curry,201939,2026-01-22,GSW @ DAL,34,38,4,1,0,0,2,8,27,0.519,2,-24,L
Shaedon Sharpe,1631101,2026-01-22,POR vs. MIA,34,27,7,3,4,0,6,5,21,0.524,0,18,W
Tre Jones,1630200,2026-01-22,CHI @ MIN,27,12,3,7,1,0,2,1,7,0.714,2,9,W
Nikola Vučević,202696,2026-01-22,CHI @ MIN,31,10,8,3,0,0,1,2,10,0.3,2,-6,W
Spencer Jones,1642461,2026-01-22,DEN @ WAS,28,2,5,0,0,1,0,0,2,0.5,0,0,W
Toumani Camara,1641739,2026-01-22,POR vs. MIA,35,16,8,6,1,0,2,3,9,0.667,2,26,W
Norman Powell,1626181,2026-01-22,MIA @ POR,28,18,0,1,1,1,1,0,15,0.467,5,-18,L
Isaac Okoro,1630171,2026-01-22,CHI @ MIN,26,10,5,1,1,0,0,2,7,0.429,2,-6,W
Keldon Johnson,1629640,2026-01-22,SAS @ UTA,31,21,1,5,1,1,0,1,19,0.474,2,9,W
Jabari Smith Jr.,1631095,2026-01-22,HOU @ PHI,38,13,4,5,0,0,1,1,15,0.333,2,-13,L
Luka Dončić,1629029,2026-01-22,LAL @ LAC,39,32,11,8,3,0,1,3,27,0.407,10,-17,L
Max Christie,1631108,2026-01-22,DAL vs. GSW,36,21,4,2,1,0,2,5,16,0.438,2,28,W
Brice Sensabaugh,1641729,2026-01-22,UTA vs. SAS,20,2,3,0,1,0,1,0,6,0.0,2,-12,L
Julian Champagnie,1630577,2026-01-22,SAS @ UTA,34,17,3,3,1,1,1,5,10,0.6,0,25,W
Alperen Sengun,1630578,2026-01-22,HOU @ PHI,38,13,8,7,3,2,2,1,14,0.357,7,-18,L
Anthony Edwards,1630162,2026-01-22,MIN vs. CHI,35,20,6,3,0,1,1,1,25,0.36,1,1,L
Svi Mykhailiuk,1629004,2026-01-22,UTA vs. SAS,19,9,1,1,0,0,0,1,5,0.8,0,0,L
Kyle Filipowski,1642271,2026-01-22,UTA vs. SAS,19,5,5,0,0,0,2,1,4,0.5,0,-8,L
Alex Sarr,1642259,2026-01-22,WAS vs. DEN,36,15,8,4,1,1,0,0,13,0.385,6,-9,L
Amen Thompson,1641708,2026-01-22,HOU @ PHI,42,17,6,9,3,0,1,0,11,0.636,5,3,L
P.J. Washington,1629023,2026-01-22,DAL vs. GSW,22,10,6,3,2,3,1,2,9,0.444,0,-13,W
Naji Marshall,1630230,2026-01-22,DAL vs. GSW,34,30,7,9,0,0,4,2,12,0.833,8,17,W
LaMelo Ball,1630163,2026-01-22,CHA @ ORL,28,16,6,7,0,1,2,4,12,0.5,0,9,W
Ayo Dosunmu,1630245,2026-01-22,CHI @ MIN,22,8,4,3,0,1,0,2,9,0.222,3,0,W
Isaiah Collier,1642268,2026-01-22,UTA vs. SAS,20,7,3,4,0,0,6,1,8,0.375,0,-10,L
Harrison Barnes,203084,2026-01-22,SAS @ UTA,22,2,1,1,0,0,1,0,5,0.2,0,-5,W
Andrew Wiggins,203952,2026-01-22,MIA @ POR,31,14,6,3,3,0,3,1,9,0.667,1,-28,L
Klay Thompson,202691,2026-01-22,DAL vs. GSW,23,6,4,0,1,0,3,2,6,0.333,0,-12,W
Peyton Watson,1631212,2026-01-22,DEN @ WAS,40,35,8,3,2,4,1,6,16,0.625,10,13,W
Deandre Ayton,1629028,2026-01-22,LAL @ LAC,21,4,5,0,0,1,1,0,5,0.4,0,-14,L
Reed Sheppard,1642263,2026-01-22,HOU @ PHI,23,14,1,4,2,0,2,4,14,0.357,1,6,L
Jake LaRavia,1631222,2026-01-22,LAL @ LAC,22,7,5,1,3,4,1,2,5,0.4,2,-15,L
Marcus Smart,203935,2026-01-22,LAL @ LAC,30,10,0,4,2,0,1,1,10,0.4,1,-1,L
Bub Carrington,1642267,2026-01-22,WAS vs. DEN,38,13,2,2,3,2,5,3,14,0.286,2,-18,L
Josh Giddey,1630581,2026-01-22,CHI @ MIN,26,21,6,5,2,0,2,0,13,0.538,9,2,W
Cooper Flagg,1642843,2026-01-22,DAL vs. GSW,30,21,11,2,1,0,4,1,18,0.444,7,22,W
Rui Hachimura,1629060,2026-01-22,LAL @ LAC,28,12,3,2,0,1,1,2,11,0.455,0,6,L
Jusuf Nurkić,203994,2026-01-22,UTA vs. SAS,35,17,11,14,1,1,1,1,19,0.368,3,-21,L
Julius Randle,203944,2026-01-22,MIN vs. CHI,31,30,7,6,0,0,5,3,17,0.588,7,-8,L
Ivica Zubac,1627826,2026-01-22,LAC vs. LAL,32,18,19,0,1,0,1,0,13,0.538,4,15,W
Jaden McDaniels,1630183,2026-01-22,MIN vs. CHI,36,16,5,5,0,1,2,2,9,0.667,2,2,L
Paolo Banchero,1631094,2026-01-22,ORL vs. CHA,30,23,7,5,1,0,4,2,12,0.5,12,-25,L
Deni Avdija,1630166,2026-01-22,POR vs. MIA,18,20,7,4,0,0,3,2,11,0.545,6,3,W
Bam Adebayo,1628389,2026-01-22,MIA @ POR,37,32,10,2,3,1,3,1,24,0.542,5,-6,L
Keyonte George,1641718,2026-01-22,UTA vs. SAS,35,23,4,5,2,1,1,4,15,0.467,5,-2,L
Rudy Gobert,203497,2026-01-22,MIN vs. CHI,34,10,11,2,1,2,1,0,5,0.6,5,-1,L
Victor Wembanyama,1641705,2026-01-22,SAS @ UTA,33,26,14,3,1,5,3,4,14,0.643,4,19,W
VJ Edgecombe,1642845,2026-01-22,PHI vs. HOU,40,9,7,4,3,0,2,1,9,0.444,0,13,W
John Collins,1628381,2026-01-22,LAC vs. LAL,33,13,5,1,0,0,1,1,7,0.714,2,18,W
Pelle Larsson,1641796,2026-01-22,MIA @ POR,29,6,3,6,0,0,1,0,5,0.6,0,-6,L
Kevin Huerter,1628989,2026-01-22,CHI @ MIN,8,3,0,2,1,0,0,1,4,0.25,0,5,W
Draymond Green,203110,2026-01-22,GSW @ DAL,23,4,4,5,2,1,3,0,5,0.2,2,-15,L
Kris Dunn,1627739,2026-01-22,LAC vs. LAL,30,4,2,3,1,0,0,0,4,0.5,0,12,W
Jamal Murray,1627750,2026-01-22,DEN @ WAS,36,24,4,5,2,1,4,2,17,0.529,5,18,W
Tristan da Silva,1641783,2026-01-22,ORL vs. CHA,19,3,3,1,1,0,2,1,5,0.2,0,-19,L
Brandin Podziemski,1641764,2026-01-22,GSW @ DAL,33,9,4,10,2,0,1,0,13,0.308,2,10,L
Matas Buzelis,1641824,2026-01-22,CHI @ MIN,28,12,6,3,1,0,0,2,8,0.375,4,1,W
Brandon Williams,1630314,2026-01-22,DAL vs. GSW,27,19,5,4,0,0,4,0,10,0.7,6,2,W
Tyrese Maxey,1630178,2026-01-22,PHI vs. HOU,43,36,2,10,3,0,3,2,28,0.536,4,8,W
Sion James,1642883,2026-01-22,CHA @ ORL,20,7,3,3,0,0,0,1,3,0.333,4,18,W
Moussa Diabaté,1631217,2026-01-22,CHA @ ORL,16,10,4,1,0,1,1,0,4,1.0,3,12,W
LeBron James,2544,2026-01-22,LAL @ LAC,36,23,5,6,2,0,4,1,19,0.474,5,-7,L
Stephon Castle,1642264,2026-01-22,SAS @ UTA,38,16,6,8,2,0,1,1,12,0.333,10,18,W
Kon Knueppel,1642851,2026-01-22,CHA @ ORL,28,13,10,4,1,0,2,1,11,0.364,4,16,W
Donovan Clingan,1642270,2026-01-22,POR vs. MIA,27,7,8,2,0,1,1,1,4,0.75,0,12,W
Sidy Cissoko,1631321,2026-01-22,POR vs. MIA,18,6,3,0,0,0,1,1,4,0.5,2,4,W
Kyshawn George,1642273,2026-01-22,WAS vs. DEN,34,20,12,7,1,0,3,2,17,0.353,6,-4,L
Desmond Bane,1630217,2026-01-22,ORL vs. CHA,32,21,5,4,0,0,1,3,13,0.615,2,-15,L
Kawhi Leonard,202695,2026-01-22,LAC vs. LAL,26,24,5,4,1,0,2,3,19,0.474,3,1,W
Ace Bailey,1642846,2026-01-22,UTA vs. SAS,32,25,6,2,0,0,2,2,16,0.688,1,-21,L
Tim Hardaway Jr.,203501,2026-01-22,DEN @ WAS,20,2,3,0,1,0,2,0,8,0.125,0,-8,W
Jerami Grant,203924,2026-01-22,POR vs. MIA,23,12,0,0,2,1,3,1,11,0.364,3,-2,W
Tre Johnson,1642848,2026-01-22,WAS vs. DEN,34,19,3,3,0,1,2,3,14,0.5,2,-11,L
Jalen Johnson,1630552,2026-01-21,ATL @ MEM,39,32,15,8,1,0,4,2,21,0.476,11,0,W
Nic Claxton,1629651,2026-01-21,BKN @ NYK,23,4,4,1,1,2,0,0,5,0.2,4,-25,L
Cam Spencer,1642285,2026-01-21,MEM vs. ATL,21,11,2,4,0,0,2,2,8,0.375,3,-7,L
Chet Holmgren,1631096,2026-01-21,OKC @ MIL,32,10,7,2,1,1,2,1,9,0.333,4,11,W
CJ McCollum,203468,2026-01-21,ATL @ MEM,26,15,0,6,2,1,1,3,14,0.429,0,5,W
Zion Williamson,1629627,2026-01-21,NOP vs. DET,15,4,4,0,0,0,1,0,5,0.4,3,-10,L
Jamal Shead,1642347,2026-01-21,TOR @ SAC,33,15,5,6,2,0,1,3,12,0.417,2,13,W
Derik Queen,1642852,2026-01-21,NOP vs. DET,23,5,4,8,1,1,4,0,2,1.0,2,-8,L
Anfernee Simons,1629014,2026-01-21,BOS vs. IND,22,9,4,2,1,0,0,1,8,0.375,2,2,W
Kyle Kuzma,1628398,2026-01-21,MIL vs. OKC,28,9,4,0,0,0,0,0,12,0.333,1,-20,L
Jarace Walker,1641716,2026-01-21,IND @ BOS,29,19,3,2,2,0,0,3,14,0.5,2,-17,L
De'Andre Hunter,1629631,2026-01-21,CLE @ CHA,13,4,4,1,1,0,4,1,6,0.167,2,-7,W
Dyson Daniels,1630700,2026-01-21,ATL @ MEM,35,3,7,8,0,0,1,0,9,0.111,2,-2,W
Moussa Diabaté,1631217,2026-01-21,CHA vs. CLE,29,4,5,0,1,3,2,0,1,1.0,6,1,L
Miles Bridges,1628970,2026-01-21,CHA vs. CLE,26,11,1,1,0,0,0,1,13,0.385,1,-29,L
Zach LaVine,203897,2026-01-21,SAC vs. TOR,38,19,1,5,1,1,2,2,17,0.412,4,-14,L
Duncan Robinson,1629130,2026-01-21,DET @ NOP,29,15,4,3,1,1,2,4,11,0.455,2,20,W
Sandro Mamukelashvili,1630572,2026-01-21,TOR @ SAC,32,22,9,4,0,0,1,3,14,0.571,4,15,W
Sam Hauser,1630573,2026-01-21,BOS vs. IND,28,17,6,3,0,0,2,5,8,0.75,0,13,W
Isaiah Stewart,1630191,2026-01-21,DET @ NOP,24,8,6,3,0,2,2,1,7,0.429,1,-9,W
Shai Gilgeous-Alexander,1628983,2026-01-21,OKC @ MIL,33,40,7,11,1,0,2,2,19,0.842,7,19,W
Ausar Thompson,1641709,2026-01-21,DET @ NOP,28,12,9,3,3,0,0,0,10,0.5,2,12,W
Jalen Duren,1631105,2026-01-21,DET @ NOP,30,20,15,3,1,2,2,0,11,0.636,6,13,W
Brandon Ingram,1627742,2026-01-21,TOR @ SAC,35,23,3,4,0,0,0,3,15,0.467,6,13,W
Noah Clowney,1641730,2026-01-21,BKN @ NYK,23,8,4,0,0,0,0,2,7,0.429,0,-19,L
Onyeka Okongwu,1630168,2026-01-21,ATL @ MEM,28,18,9,1,1,2,7,4,10,0.6,3,-3,W
Jeremiah Fears,1642847,2026-01-21,NOP vs. DET,20,12,5,0,2,0,1,0,8,0.5,4,-12,L
Luguentz Dort,1629652,2026-01-21,OKC @ MIL,33,13,4,3,2,0,0,3,11,0.455,0,8,W
Jay Huff,1630643,2026-01-21,IND @ BOS,16,2,3,1,2,1,0,0,4,0.25,0,-6,L
Trey Murphy III,1630530,2026-01-21,NOP vs. DET,35,17,4,2,2,1,5,2,19,0.316,3,-5,L
Jaren Jackson Jr.,1628991,2026-01-21,MEM vs. ATL,32,17,6,2,1,0,5,1,12,0.5,5,7,L
Derrick White,1628401,2026-01-21,BOS vs. IND,30,13,5,5,0,0,1,1,10,0.4,4,18,W
Neemias Queta,1629674,2026-01-21,BOS vs. IND,29,17,9,0,1,5,2,0,10,0.6,5,8,W
Josh Hart,1628404,2026-01-21,NYK vs. BKN,25,11,9,3,1,0,2,1,5,1.0,0,19,W
Jaylen Wells,1642377,2026-01-21,MEM vs. ATL,26,18,4,0,1,0,0,2,16,0.375,4,3,L
Jaylon Tyson,1642281,2026-01-21,CLE @ CHA,31,14,7,4,1,0,2,1,17,0.353,2,14,W
Donovan Mitchell,1628378,2026-01-21,CLE @ CHA,37,24,3,6,1,0,8,2,20,0.4,7,-3,W
Cedric Coward,1642907,2026-01-21,MEM vs. ATL,26,17,7,0,2,1,3,3,15,0.467,0,11,L
Kentavious Caldwell-Pope,203484,2026-01-21,MEM vs. ATL,18,9,5,3,0,0,1,1,3,1.0,2,-9,L
Scottie Barnes,1630567,2026-01-21,TOR @ SAC,32,23,8,7,4,1,3,1,17,0.471,6,8,W
Bobby Portis,1626171,2026-01-21,MIL vs. OKC,37,15,6,9,1,0,1,2,14,0.429,1,0,L
Miles McBride,1630540,2026-01-21,NYK vs. BKN,19,14,6,4,1,0,0,3,10,0.5,2,34,W
AJ Green,1631260,2026-01-21,MIL vs. OKC,32,15,3,1,0,0,2,4,10,0.5,1,-14,L
Maxime Raynaud,1642875,2026-01-21,SAC vs. TOR,22,8,7,2,0,0,1,0,7,0.429,2,-13,L
Dennis Schröder,203471,2026-01-21,SAC vs. TOR,20,16,1,3,0,0,1,1,13,0.385,6,9,L
Ryan Rollins,1631157,2026-01-21,MIL vs. OKC,29,10,3,7,3,0,3,2,11,0.364,0,-9,L
Andrew Nembhard,1629614,2026-01-21,IND @ BOS,33,9,4,9,0,0,3,0,11,0.273,4,-6,L
Gary Trent Jr.,1629018,2026-01-21,MIL vs. OKC,6,0,0,1,0,0,0,0,1,0.0,0,-2,L
Jarrett Allen,1628386,2026-01-21,CLE @ CHA,35,13,9,0,0,2,1,0,8,0.5,6,-3,W
Evan Mobley,1630596,2026-01-21,CLE @ CHA,36,14,14,0,1,3,2,0,13,0.462,3,10,W
Nickeil Alexander-Walker,1629638,2026-01-21,ATL @ MEM,33,11,2,4,1,2,2,2,11,0.273,3,1,W
Ajay Mitchell,1642349,2026-01-21,OKC @ MIL,25,18,3,2,2,0,2,2,12,0.667,1,13,W
Immanuel Quickley,1630193,2026-01-21,TOR @ SAC,36,18,6,8,2,0,2,1,12,0.5,5,15,W
Saddiq Bey,1630180,2026-01-21,NOP vs. DET,29,20,3,2,2,0,3,1,12,0.333,11,-5,L
Jalen Brunson,1628973,2026-01-21,NYK vs. BKN,31,20,4,5,0,0,2,1,17,0.471,4,27,W
Russell Westbrook,201566,2026-01-21,SAC vs. TOR,35,23,3,3,3,0,4,2,22,0.409,3,-16,L
DeMar DeRozan,201942,2026-01-21,SAC vs. TOR,33,9,1,2,1,0,0,0,8,0.375,5,-23,L
Egor Dëmin,1642856,2026-01-21,BKN @ NYK,21,6,1,3,0,0,2,2,7,0.286,0,-18,L
Terance Mann,1629611,2026-01-21,BKN @ NYK,11,2,0,0,0,0,2,0,5,0.2,0,-14,L
Kon Knueppel,1642851,2026-01-21,CHA vs. CLE,31,21,11,2,1,0,2,2,21,0.381,3,8,L
Jaylen Brown,1627759,2026-01-21,BOS vs. IND,34,30,10,5,3,0,5,1,22,0.5,9,11,W
Jock Landale,1629111,2026-01-21,MEM vs. ATL,28,13,11,3,0,0,0,1,13,0.385,4,-1,L
OG Anunoby,1628384,2026-01-21,NYK vs. BKN,30,5,5,3,0,0,3,0,4,0.5,2,28,W
Sion James,1642883,2026-01-21,CHA vs. CLE,22,0,1,1,1,0,0,0,2,0.0,0,-11,L
Cason Wallace,1641717,2026-01-21,OKC @ MIL,31,9,2,2,4,1,0,2,9,0.333,2,5,W
Karl-Anthony Towns,1626157,2026-01-21,NYK vs. BKN,20,14,8,3,1,0,2,2,8,0.625,2,21,W
Vít Krejčí,1630249,2026-01-21,ATL @ MEM,11,7,2,1,0,0,0,1,3,0.667,3,8,W
Michael Porter Jr.,1629008,2026-01-21,BKN @ NYK,26,12,6,1,0,0,2,3,14,0.286,1,-26,L
LaMelo Ball,1630163,2026-01-21,CHA vs. CLE,22,2,5,7,2,1,2,0,15,0.067,0,-16,L
Mikal Bridges,1628969,2026-01-21,NYK vs. BKN,25,11,4,4,1,1,0,1,9,0.556,0,18,W
Payton Pritchard,1630202,2026-01-21,BOS vs. IND,33,10,5,8,1,0,2,1,12,0.333,1,26,W
Pascal Siakam,1627783,2026-01-21,IND @ BOS,33,32,10,4,0,0,2,4,21,0.571,6,-1,L
Dillon Brooks,1628415,2026-01-20,PHX @ PHI,30,6,5,1,1,1,2,0,13,0.154,2,-7,W
Matas Buzelis,1641824,2026-01-20,CHI vs. LAC,30,21,2,4,1,2,2,4,14,0.571,2,27,W
Kevin Durant,201142,2026-01-20,HOU vs. SAS,39,18,4,7,1,1,4,2,12,0.583,2,1,W
Luke Kornet,1628436,2026-01-20,SAS @ HOU,24,8,6,1,0,2,0,0,5,0.8,0,3,L
Jamal Shead,1642347,2026-01-20,TOR @ GSW,30,10,1,8,1,0,2,2,6,0.667,0,24,W
Pelle Larsson,1641796,2026-01-20,MIA @ SAC,26,16,6,9,1,0,0,0,9,0.778,3,10,W
Jamal Murray,1627750,2026-01-20,DEN vs. LAL,36,28,2,11,0,0,1,4,21,0.476,4,-3,L
Immanuel Quickley,1630193,2026-01-20,TOR @ GSW,34,40,2,10,2,0,3,7,13,0.846,11,1,W
Russell Westbrook,201566,2026-01-20,SAC vs. MIA,31,22,2,7,2,1,6,1,14,0.643,4,-13,L
Tim Hardaway Jr.,203501,2026-01-20,DEN vs. LAL,31,10,2,2,1,3,0,0,12,0.167,7,0,L
Rui Hachimura,1629060,2026-01-20,LAL @ DEN,28,9,6,1,1,0,0,1,13,0.308,0,-2,W
Julius Randle,203944,2026-01-20,MIN @ UTA,34,19,2,3,3,0,3,1,16,0.438,6,-1,L
Devin Booker,1626164,2026-01-20,PHX @ PHI,34,27,3,4,1,0,6,2,23,0.391,7,-10,W
Brandin Podziemski,1641764,2026-01-20,GSW vs. TOR,22,11,3,2,1,1,2,1,10,0.4,5,-24,L
Ace Bailey,1642846,2026-01-20,UTA vs. MIN,33,20,5,1,1,0,3,3,17,0.471,1,2,W
Draymond Green,203110,2026-01-20,GSW vs. TOR,22,6,6,5,0,0,2,0,9,0.333,0,-27,L
John Collins,1628381,2026-01-20,LAC @ CHI,24,23,0,1,0,0,0,5,12,0.75,0,-11,L
VJ Edgecombe,1642845,2026-01-20,PHI vs. PHX,37,25,7,1,2,1,4,2,21,0.476,4,5,L
Isaiah Collier,1642268,2026-01-20,UTA vs. MIN,26,18,4,10,1,1,1,1,10,0.7,7,9,W
Kris Dunn,1627739,2026-01-20,LAC @ CHI,26,4,5,6,0,1,1,0,5,0.4,0,-8,L
Tyrese Maxey,1630178,2026-01-20,PHI vs. PHX,43,20,2,7,3,1,2,2,25,0.28,5,3,L
Brandon Ingram,1627742,2026-01-20,TOR @ GSW,36,22,4,5,1,1,1,4,17,0.471,2,12,W
Bam Adebayo,1628389,2026-01-20,MIA @ SAC,30,25,7,5,1,1,1,4,15,0.533,7,13,W
Ivica Zubac,1627826,2026-01-20,LAC @ CHI,22,12,11,1,0,0,0,0,12,0.417,3,-8,L
Jaden McDaniels,1630183,2026-01-20,MIN @ UTA,35,18,6,6,1,1,5,2,16,0.438,2,3,L
Jusuf Nurkić,203994,2026-01-20,UTA vs. MIN,31,16,18,10,1,1,2,0,11,0.636,3,8,W
Victor Wembanyama,1641705,2026-01-20,SAS @ HOU,30,14,10,2,0,0,1,0,21,0.238,4,-14,L
Jordan Goodwin,1630692,2026-01-20,PHX @ PHI,20,16,5,2,2,0,0,2,9,0.667,2,9,W
Kevin Huerter,1628989,2026-01-20,CHI vs. LAC,29,14,4,7,1,2,2,4,10,0.5,0,7,W
Keyonte George,1641718,2026-01-20,UTA vs. MIN,39,43,0,3,2,0,6,6,28,0.536,8,-6,W
Marcus Smart,203935,2026-01-20,LAL @ DEN,31,15,2,1,0,0,0,3,9,0.444,5,6,W
Scottie Barnes,1630567,2026-01-20,TOR @ GSW,39,26,7,11,0,0,4,0,18,0.667,2,10,W
Zach LaVine,203897,2026-01-20,SAC vs. MIA,22,18,1,5,0,0,1,3,10,0.7,2,-3,L
Tre Jones,1630200,2026-01-20,CHI vs. LAC,26,15,8,10,1,1,1,1,7,0.857,2,32,W
Peyton Watson,1631212,2026-01-20,DEN vs. LAL,38,18,5,3,3,1,3,4,17,0.412,0,-6,L
Deandre Ayton,1629028,2026-01-20,LAL @ DEN,15,4,8,0,0,0,0,0,5,0.4,0,-1,W
Jake LaRavia,1631222,2026-01-20,LAL @ DEN,27,7,1,2,0,0,3,0,5,0.6,1,4,W
Andrew Wiggins,203952,2026-01-20,MIA @ SAC,30,19,3,2,1,1,2,3,12,0.583,2,12,W
Isaac Okoro,1630171,2026-01-20,CHI vs. LAC,15,2,0,0,0,0,1,0,3,0.333,0,-6,W
Harrison Barnes,203084,2026-01-20,SAS @ HOU,25,6,2,1,1,1,1,2,6,0.333,0,-2,L
Ayo Dosunmu,1630245,2026-01-20,CHI vs. LAC,29,18,3,4,2,1,1,4,10,0.7,0,28,W
Amen Thompson,1641708,2026-01-20,HOU vs. SAS,39,16,10,6,1,2,3,0,14,0.429,5,7,W
Alperen Sengun,1630578,2026-01-20,HOU vs. SAS,34,20,13,9,0,2,4,1,13,0.538,5,-2,W
Oso Ighodaro,1642345,2026-01-20,PHX @ PHI,29,12,5,3,0,1,4,0,7,0.714,2,10,W
Anthony Edwards,1630162,2026-01-20,MIN @ UTA,39,38,8,3,2,0,1,5,28,0.393,12,7,L
Keldon Johnson,1629640,2026-01-20,SAS @ HOU,27,12,6,0,2,0,0,0,9,0.556,2,-2,L
Kyle Filipowski,1642271,2026-01-20,UTA vs. MIN,33,11,8,4,1,0,3,2,6,0.5,4,15,W
James Harden,201935,2026-01-20,LAC @ CHI,31,24,5,6,0,0,6,3,25,0.36,3,-6,L
Jaime Jaquez Jr.,1631170,2026-01-20,MIA @ SAC,33,13,9,3,2,0,2,1,12,0.417,4,5,W
Svi Mykhailiuk,1629004,2026-01-20,UTA vs. MIN,17,4,3,0,1,0,0,0,2,0.5,2,-7,W
Collin Gillespie,1631221,2026-01-20,PHX @ PHI,28,12,4,4,0,0,2,3,6,0.5,3,7,W
Jabari Smith Jr.,1631095,2026-01-20,HOU vs. SAS,35,17,4,1,0,1,0,2,13,0.538,3,1,W
Luka Dončić,1629029,2026-01-20,LAL @ DEN,36,38,13,10,2,0,3,3,21,0.571,12,-2,W
Mark Williams,1631109,2026-01-20,PHX @ PHI,18,4,9,0,0,0,5,0,3,0.667,0,-3,W
Royce O'Neale,1626220,2026-01-20,PHX @ PHI,24,9,3,2,0,0,1,3,7,0.429,0,-5,W
Donte DiVincenzo,1628978,2026-01-20,MIN @ UTA,33,15,5,8,2,0,2,3,12,0.417,2,-14,L
Sandro Mamukelashvili,1630572,2026-01-20,TOR @ GSW,26,14,12,4,2,1,1,4,8,0.625,0,3,W
Rudy Gobert,203497,2026-01-20,MIN @ UTA,29,11,10,0,2,4,0,0,5,1.0,5,-6,L
Davion Mitchell,1630558,2026-01-20,MIA @ SAC,19,6,3,7,0,0,0,2,5,0.4,0,11,W
Stephon Castle,1642264,2026-01-20,SAS @ HOU,35,13,7,8,1,1,3,2,19,0.263,1,-12,L
Naz Reid,1629675,2026-01-20,MIN @ UTA,28,13,9,4,0,0,0,3,15,0.333,0,-3,L
Norman Powell,1626181,2026-01-20,MIA @ SAC,31,22,3,2,0,0,4,4,16,0.5,3,13,W
Spencer Jones,1642461,2026-01-20,DEN vs. LAL,37,16,5,0,1,1,1,4,9,0.667,0,6,L
Stephen Curry,201939,2026-01-20,GSW vs. TOR,25,16,3,3,1,0,1,2,16,0.375,3,-25,L
LeBron James,2544,2026-01-20,LAL @ DEN,34,19,9,8,0,0,6,1,15,0.533,6,13,W
Maxime Raynaud,1642875,2026-01-20,SAC vs. MIA,18,7,8,0,2,0,0,1,6,0.5,0,-6,L
Julian Champagnie,1630577,2026-01-20,SAS @ HOU,34,27,8,2,2,0,0,8,17,0.471,3,5,L
Bruce Brown,1628971,2026-01-20,DEN vs. LAL,22,4,4,2,0,0,0,0,6,0.333,0,-21,L
DeMar DeRozan,201942,2026-01-20,SAC vs. MIA,35,23,4,5,0,0,2,1,12,0.5,10,-19,L
Nikola Vučević,202696,2026-01-20,CHI vs. LAC,32,19,8,4,1,2,0,1,12,0.667,2,16,W
Dennis Schröder,203471,2026-01-20,SAC vs. MIA,19,4,2,2,0,0,3,0,7,0.286,0,-4,L
De'Aaron Fox,1628368,2026-01-20,SAS @ HOU,32,14,3,5,1,0,3,2,15,0.4,0,-7,L
Moses Moody,1630541,2026-01-20,GSW vs. TOR,18,10,5,0,0,0,0,0,7,0.714,1,-20,L
Reed Sheppard,1642263,2026-01-20,HOU vs. SAS,29,21,2,4,1,1,0,4,17,0.471,2,15,W
Quentin Grimes,1629656,2026-01-20,PHI vs. PHX,27,12,4,5,3,0,3,1,7,0.429,6,-11,L
Shai Gilgeous-Alexander,1628983,2026-01-19,OKC @ CLE,34,30,1,3,1,2,0,1,20,0.6,5,17,W
Jaime Jaquez Jr.,1631170,2026-01-19,MIA @ GSW,26,10,5,9,1,0,4,2,12,0.333,0,-10,L
Pelle Larsson,1641796,2026-01-19,MIA @ GSW,28,9,5,3,0,0,0,0,7,0.429,4,-12,L
Ausar Thompson,1641709,2026-01-19,DET vs. BOS,28,7,7,2,4,1,1,0,6,0.5,1,-6,W
Ivica Zubac,1627826,2026-01-19,LAC @ WAS,30,14,12,1,0,1,5,0,10,0.7,0,-3,W
Michael Porter Jr.,1629008,2026-01-19,BKN vs. PHX,37,23,6,4,2,0,3,2,23,0.435,1,-5,L
OG Anunoby,1628384,2026-01-19,NYK vs. DAL,31,9,6,2,3,1,3,1,8,0.375,2,-12,L
John Collins,1628381,2026-01-19,LAC @ WAS,26,11,4,0,1,1,1,1,7,0.714,0,2,W
Jordan Goodwin,1630692,2026-01-19,PHX @ BKN,17,2,2,2,1,0,0,0,2,0.5,0,4,W
Jaylon Tyson,1642281,2026-01-19,CLE vs. OKC,33,16,10,4,0,0,4,2,13,0.462,3,-26,L
Isaiah Collier,1642268,2026-01-19,UTA @ SAS,23,10,1,2,2,0,1,1,7,0.571,2,-10,L
Victor Wembanyama,1641705,2026-01-19,SAS vs. UTA,26,33,10,1,2,2,1,7,18,0.556,6,8,W
Davion Mitchell,1630558,2026-01-19,MIA @ GSW,25,7,6,3,3,1,2,1,6,0.167,4,-17,L
Stephon Castle,1642264,2026-01-19,SAS vs. UTA,31,18,2,8,0,1,4,1,9,0.556,10,-6,W
Stephen Curry,201939,2026-01-19,GSW vs. MIA,28,19,3,11,0,0,3,5,13,0.462,2,3,W
Ajay Mitchell,1642349,2026-01-19,OKC @ CLE,25,5,2,9,1,0,3,0,5,0.4,2,17,W
AJ Green,1631260,2026-01-19,MIL @ ATL,42,18,3,1,0,0,2,6,12,0.5,0,14,W
Jimmy Butler III,202710,2026-01-19,GSW vs. MIA,21,17,3,4,2,0,2,0,11,0.545,5,9,W
Mikal Bridges,1628969,2026-01-19,NYK vs. DAL,33,7,3,3,2,1,1,1,10,0.3,0,-21,L
Andrew Nembhard,1629614,2026-01-19,IND @ PHI,36,25,2,5,1,0,5,3,15,0.6,5,-10,L
Pascal Siakam,1627783,2026-01-19,IND @ PHI,35,24,6,7,0,0,4,4,21,0.429,4,-9,L
De'Andre Hunter,1629631,2026-01-19,CLE vs. OKC,26,16,9,1,1,0,5,2,13,0.231,8,-5,L
Keldon Johnson,1629640,2026-01-19,SAS vs. UTA,24,2,3,2,0,2,1,0,4,0.25,0,-1,W
Cason Wallace,1641717,2026-01-19,OKC @ CLE,18,4,2,2,0,0,3,1,3,0.333,2,-5,W
Oso Ighodaro,1642345,2026-01-19,PHX @ BKN,19,5,4,1,0,0,2,0,2,1.0,1,-3,W
Neemias Queta,1629674,2026-01-19,BOS @ DET,28,10,8,1,3,1,2,0,2,0.5,10,15,L
Nickeil Alexander-Walker,1629638,2026-01-19,ATL vs. MIL,39,32,6,6,1,1,0,7,20,0.45,7,-1,L
Anfernee Simons,1629014,2026-01-19,BOS @ DET,25,9,3,0,1,0,2,1,11,0.364,0,-13,L
Chet Holmgren,1631096,2026-01-19,OKC @ CLE,31,28,8,2,0,2,1,4,16,0.688,5,34,W
Jarace Walker,1641716,2026-01-19,IND @ PHI,22,8,5,2,0,2,1,0,6,0.667,0,-3,L
Kyle Kuzma,1628398,2026-01-19,MIL @ ATL,31,10,1,1,0,2,1,1,9,0.333,4,-16,W
De'Aaron Fox,1628368,2026-01-19,SAS vs. UTA,33,14,5,8,4,0,2,2,11,0.545,0,24,W
Moses Moody,1630541,2026-01-19,GSW vs. MIA,29,13,4,2,3,0,0,3,9,0.444,3,25,W
Duncan Robinson,1629130,2026-01-19,DET vs. BOS,32,15,3,2,1,1,0,5,13,0.385,0,-4,W
Kyshawn George,1642273,2026-01-19,WAS vs. LAC,34,18,6,6,3,0,6,2,16,0.375,5,4,L
Bam Adebayo,1628389,2026-01-19,MIA @ GSW,26,4,12,3,0,0,1,0,13,0.077,2,-20,L
Myles Turner,1626167,2026-01-19,MIL @ ATL,28,14,8,1,0,0,2,4,10,0.5,0,-7,W
Keyonte George,1641718,2026-01-19,UTA @ SAS,34,30,3,6,1,0,2,4,20,0.35,14,-14,L
Luguentz Dort,1629652,2026-01-19,OKC @ CLE,34,18,5,3,1,0,1,5,7,0.857,2,34,W
Donovan Mitchell,1628378,2026-01-19,CLE vs. OKC,35,19,4,3,3,0,1,1,18,0.278,11,-26,L
Onyeka Okongwu,1630168,2026-01-19,ATL vs. MIL,34,4,10,4,2,1,1,0,6,0.0,4,-9,L
Brandin Podziemski,1641764,2026-01-19,GSW vs. MIA,30,24,6,4,1,0,2,3,19,0.474,3,17,W
Sam Hauser,1630573,2026-01-19,BOS @ DET,27,16,5,1,0,0,0,4,9,0.667,0,2,L
Terance Mann,1629611,2026-01-19,BKN vs. PHX,26,10,4,8,0,0,1,2,6,0.667,0,-11,L
Jusuf Nurkić,203994,2026-01-19,UTA @ SAS,26,20,9,5,0,0,2,2,17,0.529,0,-8,L
Cade Cunningham,1630595,2026-01-19,DET vs. BOS,40,16,3,14,1,2,0,0,17,0.235,10,1,W
Dyson Daniels,1630700,2026-01-19,ATL vs. MIL,30,17,9,10,3,1,2,0,16,0.5,1,0,L
Bub Carrington,1642267,2026-01-19,WAS vs. LAC,37,17,6,7,0,1,5,3,12,0.583,0,3,L
Jaylen Brown,1627759,2026-01-19,BOS @ DET,39,32,11,2,0,1,4,2,28,0.393,10,2,L
Norman Powell,1626181,2026-01-19,MIA @ GSW,30,21,3,3,0,0,3,2,16,0.438,6,-6,L
Naji Marshall,1630230,2026-01-19,DAL @ NYK,33,19,8,4,1,0,1,1,18,0.389,4,15,W
Miles McBride,1630540,2026-01-19,NYK vs. DAL,27,5,3,2,2,0,2,1,8,0.125,2,3,L
Alex Sarr,1642259,2026-01-19,WAS vs. LAC,31,28,6,2,2,1,0,2,19,0.526,6,11,L
Karl-Anthony Towns,1626157,2026-01-19,NYK vs. DAL,30,22,18,4,1,1,5,2,19,0.474,4,-15,L
Isaiah Stewart,1630191,2026-01-19,DET vs. BOS,21,8,5,0,0,1,1,0,5,0.4,4,8,W
Kel'el Ware,1642276,2026-01-19,MIA @ GSW,18,15,4,2,0,0,1,1,10,0.7,0,-4,L
Quentin Grimes,1629656,2026-01-19,PHI vs. IND,20,5,3,1,1,0,1,0,7,0.143,4,8,W
Cooper Flagg,1642843,2026-01-19,DAL @ NYK,28,18,7,3,1,0,4,1,14,0.5,6,21,W
Julian Champagnie,1630577,2026-01-19,SAS vs. UTA,28,13,4,0,0,0,0,3,11,0.455,0,17,W
Vít Krejčí,1630249,2026-01-19,ATL vs. MIL,20,0,0,2,0,0,0,0,6,0.0,0,-8,L
Tyrese Maxey,1630178,2026-01-19,PHI vs. IND,40,29,4,8,8,1,2,1,24,0.5,4,16,W
VJ Edgecombe,1642845,2026-01-19,PHI vs. IND,35,11,5,4,0,0,3,0,9,0.333,9,3,W
Collin Gillespie,1631221,2026-01-19,PHX @ BKN,28,22,5,5,1,1,1,5,10,0.7,4,16,W
Harrison Barnes,203084,2026-01-19,SAS vs. UTA,22,10,1,4,0,1,0,1,7,0.571,1,17,W
Payton Pritchard,1630202,2026-01-19,BOS @ DET,34,17,3,3,0,0,2,3,8,0.625,5,2,L
Svi Mykhailiuk,1629004,2026-01-19,UTA @ SAS,24,10,2,3,1,0,1,2,7,0.429,2,-18,L
CJ McCollum,203468,2026-01-19,ATL vs. MIL,24,17,3,3,0,1,2,2,11,0.455,6,17,L
Derrick White,1628401,2026-01-19,BOS @ DET,38,4,9,5,0,2,1,0,11,0.091,3,9,L
Kris Dunn,1627739,2026-01-19,LAC @ WAS,39,10,5,4,1,1,2,1,6,0.5,4,-2,W
Andrew Wiggins,203952,2026-01-19,MIA @ GSW,27,18,5,1,0,0,3,2,14,0.429,4,-24,L
Jarrett Allen,1628386,2026-01-19,CLE vs. OKC,29,16,9,1,0,3,1,0,8,0.5,10,-31,L
Mark Williams,1631109,2026-01-19,PHX @ BKN,29,16,8,0,2,3,2,0,6,0.833,8,12,W
Ace Bailey,1642846,2026-01-19,UTA @ SAS,27,8,4,4,0,1,1,2,6,0.5,0,-7,L
Ryan Rollins,1631157,2026-01-19,MIL @ ATL,29,14,3,3,2,1,2,1,12,0.5,2,-5,W
Jalen Brunson,1628973,2026-01-19,NYK vs. DAL,34,22,0,6,0,0,2,1,24,0.375,3,-15,L
Jalen Johnson,1630552,2026-01-19,ATL vs. MIL,40,28,16,6,0,1,2,3,24,0.458,6,16,L
Bobby Portis,1626171,2026-01-19,MIL @ ATL,24,19,3,1,0,0,0,3,15,0.533,0,6,W
Tre Johnson,1642848,2026-01-19,WAS vs. LAC,30,15,1,5,0,0,0,3,12,0.5,0,14,L
Evan Mobley,1630596,2026-01-19,CLE vs. OKC,31,16,7,5,1,1,2,0,14,0.5,3,-11,L
James Harden,201935,2026-01-19,LAC @ WAS,37,36,7,9,1,1,3,0,17,0.529,20,-3,W
Max Christie,1631108,2026-01-19,DAL @ NYK,35,26,6,2,0,0,1,8,13,0.692,0,20,W
Jalen Duren,1631105,2026-01-19,DET vs. BOS,31,18,9,1,1,0,1,0,12,0.667,5,-4,W
Klay Thompson,202691,2026-01-19,DAL @ NYK,21,14,5,2,2,0,0,4,12,0.417,0,-8,W
Luke Kornet,1628436,2026-01-19,SAS vs. UTA,22,7,7,4,1,3,1,0,4,0.75,2,6,W
Noah Clowney,1641730,2026-01-19,BKN vs. PHX,28,16,1,0,1,0,0,1,10,0.5,5,-14,L
Jay Huff,1630643,2026-01-19,IND @ PHI,23,10,6,1,0,3,2,2,7,0.571,0,-11,L
Kyle Filipowski,1642271,2026-01-19,UTA @ SAS,26,13,6,2,2,0,0,0,10,0.4,6,-5,L
Josh Hart,1628404,2026-01-19,NYK vs. DAL,28,8,6,3,0,0,2,2,6,0.5,0,-16,L
Brandon Williams,1630314,2026-01-19,DAL @ NYK,11,6,1,1,0,0,2,0,4,0.5,4,-9,W
Royce O'Neale,1626220,2026-01-19,PHX @ BKN,29,11,3,5,0,0,3,3,8,0.5,0,13,W
Devin Booker,1626164,2026-01-19,PHX @ BKN,33,24,4,4,0,0,3,1,18,0.556,4,7,W
Nic Claxton,1629651,2026-01-19,BKN vs. PHX,37,12,8,6,0,1,1,0,8,0.75,0,-9,L
Dillon Brooks,1628415,2026-01-19,PHX @ BKN,34,27,5,2,0,0,0,6,15,0.533,5,7,W
Nikola Vučević,202696,2026-01-18,CHI vs. BKN,28,17,11,6,0,1,1,1,18,0.444,0,20,W
Marcus Smart,203935,2026-01-18,LAL vs. TOR,25,8,5,3,1,0,5,2,6,0.5,0,12,W
Egor Dëmin,1642856,2026-01-18,BKN @ CHI,22,11,1,1,0,0,0,3,9,0.444,0,-12,L
Dennis Schröder,203471,2026-01-18,SAC vs. POR,18,2,2,3,1,0,0,0,5,0.2,0,-6,L
Spencer Jones,1642461,2026-01-18,DEN vs. CHA,31,2,6,0,1,0,0,0,3,0.333,0,-27,L
Santi Aldama,1630583,2026-01-18,ORL @ MEM,25,9,5,3,0,0,0,0,5,0.6,6,23,W
Immanuel Quickley,1630193,2026-01-18,TOR @ LAL,29,9,3,7,1,0,1,1,9,0.444,0,-11,L
Maxime Raynaud,1642875,2026-01-18,SAC vs. POR,23,6,9,1,0,1,0,0,11,0.273,0,-4,L
Deni Avdija,1630166,2026-01-18,POR @ SAC,32,30,8,8,0,1,3,2,18,0.556,8,4,W
Luka Dončić,1629029,2026-01-18,LAL vs. TOR,34,25,2,7,1,1,4,5,23,0.348,5,-3,W
Jaylen Wells,1642377,2026-01-18,ORL @ MEM,21,10,2,0,0,0,0,3,5,0.6,2,2,W
Terance Mann,1629611,2026-01-18,BKN @ CHI,28,9,4,6,1,0,1,1,7,0.429,2,-11,L
Bruce Brown,1628971,2026-01-18,DEN vs. CHA,18,9,0,3,2,2,0,1,7,0.571,0,-3,L
LaMelo Ball,1630163,2026-01-18,CHA @ DEN,19,10,1,6,3,0,1,2,11,0.364,0,22,W
Scottie Barnes,1630567,2026-01-18,TOR @ LAL,35,22,9,3,1,0,2,0,21,0.476,4,-11,L
Anthony Black,1641710,2026-01-18,ORL @ MEM,37,19,2,6,0,0,4,2,15,0.467,4,-14,L
Jabari Smith Jr.,1631095,2026-01-18,HOU vs. NOP,41,32,8,0,0,1,1,7,21,0.524,4,17,W
Deandre Ayton,1629028,2026-01-18,LAL vs. TOR,33,25,13,1,0,1,0,0,10,1.0,6,20,W
Amen Thompson,1641708,2026-01-18,HOU vs. NOP,40,20,8,6,1,1,2,0,14,0.714,0,21,W
Russell Westbrook,201566,2026-01-18,SAC vs. POR,34,23,3,7,3,0,2,3,15,0.6,3,-7,L
Isaac Okoro,1630171,2026-01-18,CHI vs. BKN,26,9,6,2,1,1,0,0,6,0.5,4,6,W
Tim Hardaway Jr.,203501,2026-01-18,DEN vs. CHA,13,6,1,2,0,0,1,1,5,0.2,3,-9,L
Tristan da Silva,1641783,2026-01-18,ORL @ MEM,18,4,3,0,0,1,0,0,5,0.4,0,-7,L
Jeremiah Fears,1642847,2026-01-18,NOP @ HOU,10,2,3,2,0,1,1,0,5,0.2,0,-10,L
Brandon Ingram,1627742,2026-01-18,TOR @ LAL,34,19,6,7,3,1,3,2,19,0.368,3,3,L
Donovan Clingan,1642270,2026-01-18,POR @ SAC,37,21,17,3,0,1,1,1,9,0.667,8,17,W
Zion Williamson,1629627,2026-01-18,NOP @ HOU,30,20,6,4,1,1,2,0,17,0.529,3,-17,L
Jaren Jackson Jr.,1628991,2026-01-18,ORL @ MEM,30,17,5,0,1,2,2,2,15,0.467,1,17,W
DeMar DeRozan,201942,2026-01-18,SAC vs. POR,35,14,2,7,2,1,3,0,11,0.545,3,-14,L
Saddiq Bey,1630180,2026-01-18,NOP @ HOU,29,11,4,2,1,0,1,1,7,0.429,4,-22,L
Nic Claxton,1629651,2026-01-18,BKN @ CHI,23,12,5,4,2,1,1,0,8,0.75,1,-8,L
Matas Buzelis,1641824,2026-01-18,CHI vs. BKN,27,17,5,5,0,2,2,3,13,0.462,2,15,W
Rui Hachimura,1629060,2026-01-18,LAL vs. TOR,21,10,0,0,0,0,1,2,10,0.4,0,8,W
Desmond Bane,1630217,2026-01-18,ORL @ MEM,37,11,4,3,2,1,2,1,12,0.333,2,-20,L
Jamal Shead,1642347,2026-01-18,TOR @ LAL,22,3,1,3,1,0,2,1,8,0.125,0,-11,L
Derik Queen,1642852,2026-01-18,NOP @ HOU,27,15,4,5,1,0,3,1,12,0.583,0,-33,L
Sidy Cissoko,1631321,2026-01-18,POR @ SAC,34,8,2,1,2,1,1,1,7,0.286,4,10,W
Noah Clowney,1641730,2026-01-18,BKN @ CHI,30,7,8,3,1,2,3,1,11,0.273,0,-18,L
Sion James,1642883,2026-01-18,CHA @ DEN,26,0,5,5,0,0,1,0,4,0.0,0,0,W
Alperen Sengun,1630578,2026-01-18,HOU vs. NOP,33,21,8,4,5,1,4,0,15,0.6,5,8,W
Kevin Durant,201142,2026-01-18,HOU vs. NOP,36,18,6,8,1,0,3,1,18,0.278,8,3,W
Jock Landale,1629111,2026-01-18,ORL @ MEM,23,21,8,3,1,2,2,1,11,0.818,2,4,W
Kon Knueppel,1642851,2026-01-18,CHA @ DEN,27,14,4,3,0,1,2,2,11,0.455,2,18,W
Tre Jones,1630200,2026-01-18,CHI vs. BKN,24,10,0,10,2,0,1,0,7,0.714,0,16,W
Cam Spencer,1642285,2026-01-18,ORL @ MEM,18,10,0,3,0,0,1,2,6,0.667,0,-4,W
Ayo Dosunmu,1630245,2026-01-18,CHI vs. BKN,30,19,1,5,1,1,0,5,14,0.5,0,22,W
Toumani Camara,1641739,2026-01-18,POR @ SAC,36,17,3,2,0,1,1,1,7,1.0,2,16,W
Trey Murphy III,1630530,2026-01-18,NOP @ HOU,35,21,3,4,1,1,2,3,15,0.467,4,-16,L
Jake LaRavia,1631222,2026-01-18,LAL vs. TOR,19,2,5,2,1,0,0,0,5,0.2,0,-6,W
Cedric Coward,1642907,2026-01-18,ORL @ MEM,23,13,4,3,0,0,1,0,10,0.6,1,18,W
Kentavious Caldwell-Pope,203484,2026-01-18,ORL @ MEM,17,7,1,1,3,0,1,1,8,0.375,0,6,W
Peyton Watson,1631212,2026-01-18,DEN vs. CHA,29,11,4,0,1,3,2,0,12,0.333,4,-29,L
Jamal Murray,1627750,2026-01-18,DEN vs. CHA,25,16,1,2,1,0,1,0,12,0.583,2,-22,L
Zach LaVine,203897,2026-01-18,SAC vs. POR,29,18,0,1,1,0,1,3,13,0.385,6,-7,L
Kevin Huerter,1628989,2026-01-18,CHI vs. BKN,30,11,5,6,0,0,1,1,9,0.556,0,9,W
LeBron James,2544,2026-01-18,LAL vs. TOR,32,24,4,7,0,2,3,2,17,0.529,4,18,W
Shaedon Sharpe,1631101,2026-01-18,POR @ SAC,34,27,7,0,1,0,5,3,19,0.421,11,0,W
Sandro Mamukelashvili,1630572,2026-01-18,TOR @ LAL,24,20,6,2,1,1,0,2,12,0.667,5,-13,L
Paolo Banchero,1631094,2026-01-18,ORL @ MEM,36,16,8,9,0,0,4,1,20,0.35,1,-7,L
Miles Bridges,1628970,2026-01-18,CHA @ DEN,23,7,4,1,0,0,1,0,6,0.5,1,19,W
Wendell Carter Jr.,1628976,2026-01-18,ORL @ MEM,33,18,7,4,2,2,1,4,11,0.545,2,-15,L
Moussa Diabaté,1631217,2026-01-18,CHA @ DEN,25,4,9,2,0,1,0,0,6,0.333,0,6,W
Reed Sheppard,1642263,2026-01-18,HOU vs. NOP,18,11,3,1,1,0,3,3,9,0.444,0,-14,W
Jordan Goodwin,1630692,2026-01-17,PHX @ NYK,20,13,3,3,2,0,0,3,6,0.833,0,18,W
Ace Bailey,1642846,2026-01-17,UTA @ DAL,37,18,8,1,0,0,3,2,16,0.5,0,-26,L
Sion James,1642883,2026-01-17,CHA @ GSW,24,2,2,3,1,0,0,0,5,0.0,2,-7,L
Miles McBride,1630540,2026-01-17,NYK vs. PHX,36,23,2,5,2,0,0,5,18,0.5,0,6,L
OG Anunoby,1628384,2026-01-17,NYK vs. PHX,39,21,8,5,3,1,4,1,17,0.353,10,-4,L
Neemias Queta,1629674,2026-01-17,BOS @ ATL,24,14,7,1,1,1,1,0,7,0.714,5,39,W
Kyle Filipowski,1642271,2026-01-17,UTA @ DAL,29,13,12,5,1,1,1,1,11,0.545,0,-17,L
Spencer Jones,1642461,2026-01-17,DEN vs. WAS,29,7,3,0,1,0,0,1,4,0.75,0,-6,W
Stephon Castle,1642264,2026-01-17,SAS vs. MIN,28,8,6,9,3,0,2,2,8,0.25,6,6,W
Jalen Johnson,1630552,2026-01-17,ATL vs. BOS,35,12,8,5,1,0,4,2,14,0.286,4,-30,L
Tre Johnson,1642848,2026-01-17,WAS @ DEN,31,4,2,1,1,0,0,0,10,0.1,4,-8,L
Jalen Duren,1631105,2026-01-17,DET vs. IND,23,15,8,4,1,0,1,0,12,0.5,5,30,W
Rui Hachimura,1629060,2026-01-17,LAL @ POR,19,11,1,1,2,1,0,1,7,0.571,2,-11,L
Draymond Green,203110,2026-01-17,GSW vs. CHA,27,20,3,6,0,0,3,4,14,0.571,0,-4,W
Kyshawn George,1642273,2026-01-17,WAS @ DEN,32,29,5,7,1,3,1,5,20,0.5,5,-6,L
Ausar Thompson,1641709,2026-01-17,DET vs. IND,16,7,7,1,3,1,1,0,3,0.667,5,29,W
Sam Hauser,1630573,2026-01-17,BOS @ ATL,30,30,6,3,1,1,2,10,21,0.476,0,30,W
Isaiah Stewart,1630191,2026-01-17,DET vs. IND,21,7,7,5,1,1,2,1,7,0.429,0,20,W
Moses Moody,1630541,2026-01-17,GSW vs. CHA,27,12,1,2,0,1,0,4,6,0.667,0,6,W
Kel'el Ware,1642276,2026-01-17,MIA vs. OKC,16,7,9,0,1,1,0,1,11,0.273,0,-9,W
Jerami Grant,203924,2026-01-17,POR vs. LAL,22,22,3,2,0,0,1,3,12,0.5,9,19,W
Luguentz Dort,1629652,2026-01-17,OKC @ MIA,22,2,4,0,0,1,1,0,5,0.2,0,-11,L
Jarace Walker,1641716,2026-01-17,IND @ DET,26,13,5,2,1,0,4,2,12,0.333,6,-31,L
Toumani Camara,1641739,2026-01-17,POR vs. LAL,26,9,2,1,1,1,0,2,5,0.6,2,12,W
Anfernee Simons,1629014,2026-01-17,BOS @ ATL,24,14,2,1,0,1,2,4,10,0.5,0,11,W
Marcus Smart,203935,2026-01-17,LAL @ POR,25,25,2,0,1,0,2,4,17,0.529,5,-14,L
Isaiah Collier,1642268,2026-01-17,UTA @ DAL,22,9,1,4,1,0,2,1,8,0.5,0,-22,L
Keldon Johnson,1629640,2026-01-17,SAS vs. MIN,31,20,1,2,1,0,1,3,14,0.571,2,7,W
Vít Krejčí,1630249,2026-01-17,ATL vs. BOS,19,3,1,0,1,0,0,1,6,0.167,0,-25,L
Alex Sarr,1642259,2026-01-17,WAS @ DEN,28,16,8,1,0,0,2,0,12,0.583,7,-8,L
LaMelo Ball,1630163,2026-01-17,CHA @ GSW,21,15,4,2,0,0,1,1,17,0.294,4,-9,L
Mark Williams,1631109,2026-01-17,PHX @ NYK,25,14,9,1,0,1,2,0,8,0.625,6,-12,W
Bruce Brown,1628971,2026-01-17,DEN vs. WAS,25,4,3,4,0,0,2,0,5,0.4,0,10,W
Klay Thompson,202691,2026-01-17,DAL vs. UTA,20,23,0,3,0,2,0,6,12,0.583,3,1,W
Mikal Bridges,1628969,2026-01-17,NYK vs. PHX,37,15,3,1,2,1,3,3,12,0.5,0,-6,L
Ajay Mitchell,1642349,2026-01-17,OKC @ MIA,28,15,4,2,1,0,5,1,13,0.462,2,-4,L
Jamal Murray,1627750,2026-01-17,DEN vs. WAS,39,42,3,6,2,2,5,5,24,0.625,8,5,W
Tim Hardaway Jr.,203501,2026-01-17,DEN vs. WAS,36,30,2,0,0,0,2,5,18,0.556,5,0,W
Jay Huff,1630643,2026-01-17,IND @ DET,13,3,1,1,0,0,0,1,3,0.333,0,-18,L
Naji Marshall,1630230,2026-01-17,DAL vs. UTA,29,16,5,6,1,0,3,1,10,0.7,3,26,W
Bub Carrington,1642267,2026-01-17,WAS @ DEN,39,13,4,3,1,0,4,3,14,0.357,0,-6,L
Julian Champagnie,1630577,2026-01-17,SAS vs. MIN,32,7,5,2,1,0,3,1,7,0.429,2,2,W
Jake LaRavia,1631222,2026-01-17,LAL @ POR,28,2,5,4,1,0,0,0,2,0.0,2,-10,L
Karl-Anthony Towns,1626157,2026-01-17,NYK vs. PHX,35,23,11,2,1,1,3,3,16,0.438,6,-5,L
Nickeil Alexander-Walker,1629638,2026-01-17,ATL vs. BOS,29,18,2,6,1,1,0,4,16,0.375,2,-35,L
Chet Holmgren,1631096,2026-01-17,OKC @ MIA,30,14,11,2,0,5,2,0,12,0.5,3,-8,L
Sidy Cissoko,1631321,2026-01-17,POR vs. LAL,29,14,5,0,0,2,1,1,7,0.714,5,1,W
Max Christie,1631108,2026-01-17,DAL vs. UTA,26,22,2,4,2,0,0,3,13,0.538,6,29,W
Oso Ighodaro,1642345,2026-01-17,PHX @ NYK,22,2,3,0,1,0,1,0,3,0.333,0,19,W
Brandon Williams,1630314,2026-01-17,DAL vs. UTA,28,22,4,5,2,0,2,2,13,0.615,4,30,W
Andrew Wiggins,203952,2026-01-17,MIA vs. OKC,32,15,5,5,1,0,0,2,15,0.4,2,4,W
Cason Wallace,1641717,2026-01-17,OKC @ MIA,22,9,6,3,0,0,1,1,5,0.6,2,-8,L
Brandin Podziemski,1641764,2026-01-17,GSW vs. CHA,30,16,6,7,2,0,0,3,9,0.556,5,16,W
Royce O'Neale,1626220,2026-01-17,PHX @ NYK,30,10,5,2,1,0,1,2,5,0.6,2,-14,W
De'Aaron Fox,1628368,2026-01-17,SAS vs. MIN,37,25,3,12,0,1,2,2,17,0.588,4,-8,W
Brice Sensabaugh,1641729,2026-01-17,UTA @ DAL,30,25,6,2,0,0,0,1,20,0.5,6,-2,L
Collin Gillespie,1631221,2026-01-17,PHX @ NYK,26,11,3,6,1,0,2,2,10,0.4,1,8,W
Naz Reid,1629675,2026-01-17,MIN @ SAS,5,0,0,0,1,0,0,0,1,0.0,0,0,L
Norman Powell,1626181,2026-01-17,MIA vs. OKC,35,19,4,4,2,1,1,5,15,0.333,7,7,W
Duncan Robinson,1629130,2026-01-17,DET vs. IND,22,16,2,2,0,0,1,4,9,0.667,0,40,W
Anthony Edwards,1630162,2026-01-17,MIN @ SAS,40,55,4,3,0,0,2,9,33,0.576,10,8,L
Shaedon Sharpe,1631101,2026-01-17,POR vs. LAL,29,25,3,4,2,0,2,4,18,0.5,4,20,W
Derrick White,1628401,2026-01-17,BOS @ ATL,25,7,5,12,3,1,1,1,4,0.75,0,36,W
CJ McCollum,203468,2026-01-17,ATL vs. BOS,27,11,7,4,0,2,3,0,14,0.286,3,-26,L
Bam Adebayo,1628389,2026-01-17,MIA vs. OKC,32,30,12,4,1,0,1,6,22,0.409,6,11,W
Harrison Barnes,203084,2026-01-17,SAS vs. MIN,29,8,8,0,0,0,1,2,7,0.429,0,-1,W
Miles Bridges,1628970,2026-01-17,CHA @ GSW,30,9,4,2,0,0,2,1,12,0.333,0,-15,L
LeBron James,2544,2026-01-17,LAL @ POR,32,20,9,8,1,2,4,1,16,0.375,7,-16,L
Peyton Watson,1631212,2026-01-17,DEN vs. WAS,35,21,5,2,1,1,2,1,14,0.571,8,5,W
Shai Gilgeous-Alexander,1628983,2026-01-17,OKC @ MIA,36,39,4,3,1,0,2,2,19,0.632,13,-1,L
Pelle Larsson,1641796,2026-01-17,MIA vs. OKC,30,16,3,2,1,0,1,0,15,0.467,4,4,W
Onyeka Okongwu,1630168,2026-01-17,ATL vs. BOS,33,21,7,3,1,0,3,3,14,0.571,2,-25,L
Cade Cunningham,1630595,2026-01-17,DET vs. IND,21,16,3,5,0,0,2,2,14,0.429,2,31,W
Dillon Brooks,1628415,2026-01-17,PHX @ NYK,29,5,6,1,0,1,0,1,13,0.154,0,-14,W
Luke Kornet,1628436,2026-01-17,SAS vs. MIN,19,8,6,2,1,2,0,0,8,0.5,0,-1,W
Devin Booker,1626164,2026-01-17,PHX @ NYK,38,27,4,4,1,0,4,1,18,0.389,14,-3,W
Stephen Curry,201939,2026-01-17,GSW vs. CHA,30,14,3,5,0,0,3,2,12,0.5,0,2,W
Jaylen Brown,1627759,2026-01-17,BOS @ ATL,30,41,6,2,1,1,1,2,30,0.467,12,36,W
Julius Randle,203944,2026-01-17,MIN @ SAS,41,17,10,1,3,2,2,0,13,0.308,9,-4,L
Keyonte George,1641718,2026-01-17,UTA @ DAL,37,29,1,6,2,1,1,4,15,0.6,8,-8,L
Victor Wembanyama,1641705,2026-01-17,SAS vs. MIN,31,39,9,3,0,2,2,4,23,0.522,14,5,W
Donte DiVincenzo,1628978,2026-01-17,MIN @ SAS,36,11,5,3,2,1,3,3,14,0.286,0,7,L
Jaden McDaniels,1630183,2026-01-17,MIN @ SAS,41,23,5,5,1,1,1,1,14,0.5,9,-6,L
Donovan Clingan,1642270,2026-01-17,POR vs. LAL,27,18,11,4,0,0,1,1,14,0.5,5,16,W
Kon Knueppel,1642851,2026-01-17,CHA @ GSW,29,24,11,2,1,1,2,4,14,0.643,2,-21,L
Jay Huff,1630643,2026-01-16,IND vs. NOP,29,29,9,1,2,2,0,3,17,0.765,0,13,W
VJ Edgecombe,1642845,2026-01-16,PHI vs. CLE,35,10,4,4,0,1,3,2,5,0.8,0,-6,L
Naz Reid,1629675,2026-01-16,MIN @ HOU,32,25,9,4,1,1,2,5,11,0.727,5,0,L
Jaylon Tyson,1642281,2026-01-16,CLE @ PHI,38,39,5,4,0,0,4,7,17,0.765,6,4,W
Brandon Ingram,1627742,2026-01-16,TOR vs. LAC,41,19,6,2,0,2,5,2,13,0.538,3,0,L
Zach LaVine,203897,2026-01-16,SAC vs. WAS,32,16,2,3,1,2,0,3,12,0.5,2,10,W
Kris Dunn,1627739,2026-01-16,LAC @ TOR,34,15,4,4,4,0,5,3,6,0.667,4,10,W
Jarrett Allen,1628386,2026-01-16,CLE @ PHI,33,10,7,1,1,0,2,0,6,0.667,2,5,W
Kevin Durant,201142,2026-01-16,HOU vs. MIN,40,39,4,7,2,1,5,6,18,0.611,14,15,W
Evan Mobley,1630596,2026-01-16,CLE @ PHI,36,15,5,4,1,4,4,1,11,0.545,4,-12,W
Kyshawn George,1642273,2026-01-16,WAS @ SAC,24,15,8,3,1,0,0,0,12,0.5,3,-12,L
Amen Thompson,1641708,2026-01-16,HOU vs. MIN,36,14,7,4,1,0,3,1,12,0.417,4,7,W
Zion Williamson,1629627,2026-01-16,NOP @ IND,33,27,6,7,1,0,3,0,12,0.833,10,3,L
Ayo Dosunmu,1630245,2026-01-16,CHI @ BKN,20,18,1,1,1,0,0,0,13,0.538,5,0,L
Kevin Huerter,1628989,2026-01-16,CHI @ BKN,10,2,1,0,0,0,1,0,3,0.333,0,-12,L
Sandro Mamukelashvili,1630572,2026-01-16,TOR vs. LAC,22,13,2,1,0,0,1,0,9,0.667,1,13,L
De'Andre Hunter,1629631,2026-01-16,CLE @ PHI,31,16,3,4,1,1,1,2,13,0.538,0,12,W
DeMar DeRozan,201942,2026-01-16,SAC vs. WAS,33,17,2,4,1,0,2,1,13,0.462,5,-7,W
Ivica Zubac,1627826,2026-01-16,LAC @ TOR,39,16,14,2,0,0,2,0,10,0.7,3,15,W
Nic Claxton,1629651,2026-01-16,BKN vs. CHI,29,7,14,5,1,2,3,0,5,0.6,2,7,W
Trey Murphy III,1630530,2026-01-16,NOP @ IND,38,22,4,5,1,1,1,5,21,0.333,4,1,L
Jamal Shead,1642347,2026-01-16,TOR vs. LAC,39,15,4,13,1,0,3,2,11,0.364,6,5,L
Tre Jones,1630200,2026-01-16,CHI @ BKN,30,11,5,5,1,0,1,1,9,0.556,0,-6,L
Derik Queen,1642852,2026-01-16,NOP @ IND,28,14,12,3,0,0,1,0,11,0.455,4,-2,L
Quentin Grimes,1629656,2026-01-16,PHI vs. CLE,32,14,7,4,0,0,0,2,12,0.417,3,-4,L
Bub Carrington,1642267,2026-01-16,WAS @ SAC,39,11,2,9,2,0,3,3,4,0.75,2,2,L
Tyrese Maxey,1630178,2026-01-16,PHI vs. CLE,39,22,5,9,5,2,2,2,23,0.391,2,-4,L
Matas Buzelis,1641824,2026-01-16,CHI @ BKN,32,15,6,3,1,4,0,2,15,0.267,6,7,L
Tre Johnson,1642848,2026-01-16,WAS @ SAC,30,18,2,4,1,1,1,4,17,0.412,0,-1,L
Isaac Okoro,1630171,2026-01-16,CHI @ BKN,32,6,2,5,4,0,0,0,3,0.667,2,0,L
Egor Dëmin,1642856,2026-01-16,BKN vs. CHI,19,5,0,2,0,1,1,1,4,0.25,2,11,W
Terance Mann,1629611,2026-01-16,BKN vs. CHI,17,5,2,0,1,0,0,1,5,0.4,0,1,W
Russell Westbrook,201566,2026-01-16,SAC vs. WAS,31,26,2,6,1,0,4,6,14,0.643,2,0,W
Donovan Mitchell,1628378,2026-01-16,CLE @ PHI,39,13,9,12,1,0,6,4,13,0.308,2,-2,W
Pascal Siakam,1627783,2026-01-16,IND vs. NOP,34,27,6,5,0,1,1,4,22,0.5,2,11,W
Michael Porter Jr.,1629008,2026-01-16,BKN vs. CHI,32,26,7,1,1,0,3,5,17,0.529,3,4,W
Rudy Gobert,203497,2026-01-16,MIN @ HOU,32,10,13,1,2,2,2,0,7,0.571,10,-3,L
Maxime Raynaud,1642875,2026-01-16,SAC vs. WAS,22,4,8,5,1,0,1,0,5,0.4,2,-7,W
Donte DiVincenzo,1628978,2026-01-16,MIN @ HOU,40,8,8,4,1,1,2,2,10,0.3,0,5,L
Scottie Barnes,1630567,2026-01-16,TOR vs. LAC,41,24,7,6,1,1,3,0,21,0.429,7,-18,L
Andrew Nembhard,1629614,2026-01-16,IND vs. NOP,33,19,3,10,0,0,3,2,13,0.538,3,9,W
Alperen Sengun,1630578,2026-01-16,HOU vs. MIN,32,25,14,3,1,1,4,0,22,0.5,9,-7,W
Nikola Vučević,202696,2026-01-16,CHI @ BKN,33,19,6,5,0,2,1,1,14,0.643,0,8,L
Dennis Schröder,203471,2026-01-16,SAC vs. WAS,20,15,1,5,0,0,1,2,6,0.667,8,12,W
James Harden,201935,2026-01-16,LAC @ TOR,42,31,2,10,1,1,4,2,27,0.37,10,-3,W
Reed Sheppard,1642263,2026-01-16,HOU vs. MIN,19,14,0,2,2,0,0,4,9,0.556,0,11,W
Saddiq Bey,1630180,2026-01-16,NOP @ IND,32,20,4,1,0,0,0,2,10,0.6,8,0,L
Jaden McDaniels,1630183,2026-01-16,MIN @ HOU,35,15,7,4,2,2,1,1,14,0.357,5,-5,L
Noah Clowney,1641730,2026-01-16,BKN vs. CHI,28,23,11,1,1,0,3,4,17,0.412,6,8,W
Jabari Smith Jr.,1631095,2026-01-16,HOU vs. MIN,38,9,5,2,0,3,0,1,12,0.25,5,-5,W
Julius Randle,203944,2026-01-16,MIN @ HOU,40,39,4,2,0,1,5,2,25,0.56,11,-12,L
Jarace Walker,1641716,2026-01-16,IND vs. NOP,21,6,1,3,0,1,0,2,5,0.4,0,2,W
Alex Sarr,1642259,2026-01-16,WAS @ SAC,28,19,4,3,0,1,2,0,12,0.667,4,-5,L
Jeremiah Fears,1642847,2026-01-16,NOP @ IND,31,16,6,5,2,0,0,2,9,0.556,4,8,L
Jaren Jackson Jr.,1628991,2026-01-15,MEM @ ORL,33,30,3,1,2,2,4,3,22,0.545,3,-21,L
Isaiah Stewart,1630191,2026-01-15,DET vs. PHX,22,4,4,0,0,2,2,0,2,0.0,4,-25,W
Moussa Diabaté,1631217,2026-01-15,CHA @ LAL,30,8,6,2,0,0,3,0,5,0.8,0,9,W
Norman Powell,1626181,2026-01-15,MIA vs. BOS,32,26,3,2,1,0,0,1,15,0.667,5,11,L
Rui Hachimura,1629060,2026-01-15,LAL vs. CHA,18,3,1,1,0,1,1,1,4,0.25,0,-17,L
Draymond Green,203110,2026-01-15,GSW vs. NYK,27,6,5,3,0,0,2,1,4,0.25,3,6,W
Desmond Bane,1630217,2026-01-15,MEM @ ORL,34,13,4,5,0,2,3,1,13,0.385,2,16,W
Onyeka Okongwu,1630168,2026-01-15,ATL @ POR,37,26,9,2,3,1,4,5,21,0.476,1,-19,L
Sam Hauser,1630573,2026-01-15,BOS @ MIA,29,17,3,3,1,0,0,3,11,0.545,2,1,W
Wendell Carter Jr.,1628976,2026-01-15,MEM @ ORL,29,9,6,3,0,1,1,1,7,0.429,2,13,W
Shaedon Sharpe,1631101,2026-01-15,POR vs. ATL,33,24,9,5,2,0,5,2,15,0.533,6,0,W
Ausar Thompson,1641709,2026-01-15,DET vs. PHX,19,5,6,2,0,0,0,0,6,0.333,2,1,W
Kel'el Ware,1642276,2026-01-15,MIA vs. BOS,9,3,5,0,0,0,1,1,5,0.2,0,-8,L
Dyson Daniels,1630700,2026-01-15,ATL @ POR,33,10,5,1,1,0,1,0,9,0.556,0,-13,L
Jordan Goodwin,1630692,2026-01-15,PHX @ DET,32,7,12,3,3,1,1,0,8,0.375,2,14,L
Miles Bridges,1628970,2026-01-15,CHA @ LAL,33,25,8,4,0,0,1,5,13,0.692,2,6,W
Ryan Rollins,1631157,2026-01-15,MIL @ SAS,26,6,7,7,1,1,1,1,8,0.25,2,-18,L
Andrew Wiggins,203952,2026-01-15,MIA vs. BOS,35,16,8,4,0,0,1,3,10,0.5,3,3,L
Klay Thompson,202691,2026-01-15,DAL vs. UTA,23,26,1,6,1,1,2,6,18,0.556,0,25,W
Royce O'Neale,1626220,2026-01-15,PHX @ DET,29,11,7,7,0,0,2,3,11,0.364,2,-9,L
Mark Williams,1631109,2026-01-15,PHX @ DET,22,5,6,2,1,4,1,0,4,0.5,2,-11,L
Anthony Black,1641710,2026-01-15,MEM @ ORL,36,21,6,7,1,0,1,4,13,0.538,3,17,W
Gary Trent Jr.,1629018,2026-01-15,MIL @ SAS,14,3,0,1,0,0,1,1,5,0.2,0,-9,L
Kentavious Caldwell-Pope,203484,2026-01-15,MEM @ ORL,14,0,2,2,0,1,3,0,4,0.0,0,-13,L
Tristan da Silva,1641783,2026-01-15,MEM @ ORL,21,8,4,2,4,0,2,0,11,0.273,2,0,W
LeBron James,2544,2026-01-15,LAL vs. CHA,33,29,9,6,2,1,3,3,19,0.526,7,-7,L
Ace Bailey,1642846,2026-01-15,UTA @ DAL,30,15,5,3,2,2,3,1,15,0.4,2,-19,L
Luke Kornet,1628436,2026-01-15,SAS vs. MIL,20,10,4,1,0,0,0,0,5,1.0,0,8,W
Miles McBride,1630540,2026-01-15,NYK @ GSW,37,25,3,6,0,0,3,6,16,0.563,1,-1,L
Payton Pritchard,1630202,2026-01-15,BOS @ MIA,24,2,3,8,1,1,1,0,4,0.25,0,-20,W
Jaylen Brown,1627759,2026-01-15,BOS @ MIA,30,27,7,0,0,0,5,2,24,0.375,7,-10,W
Kon Knueppel,1642851,2026-01-15,CHA @ LAL,33,19,7,4,0,0,0,3,10,0.7,2,2,W
Jock Landale,1629111,2026-01-15,MEM @ ORL,30,6,5,1,1,1,1,1,3,0.333,4,0,L
LaMelo Ball,1630163,2026-01-15,CHA @ LAL,29,30,6,11,0,1,2,9,20,0.5,1,5,W
Cade Cunningham,1630595,2026-01-15,DET vs. PHX,38,10,4,11,0,1,5,0,16,0.188,9,9,W
Jabari Smith Jr.,1631095,2026-01-15,HOU vs. OKC,34,17,10,1,2,1,5,3,15,0.333,4,-15,L
Naji Marshall,1630230,2026-01-15,DAL vs. UTA,24,22,6,4,3,0,1,2,15,0.6,2,16,W
Luguentz Dort,1629652,2026-01-15,OKC @ HOU,21,13,3,1,0,1,2,3,8,0.625,0,15,W
Harrison Barnes,203084,2026-01-15,SAS vs. MIL,16,6,0,3,0,0,1,2,5,0.4,0,25,W
CJ McCollum,203468,2026-01-15,ATL @ POR,29,20,3,4,1,1,1,1,15,0.4,11,-2,L
Derrick White,1628401,2026-01-15,BOS @ MIA,36,8,6,5,0,2,2,0,7,0.143,6,12,W
Cam Spencer,1642285,2026-01-15,MEM @ ORL,27,7,7,11,0,0,1,0,7,0.286,3,10,L
Jerami Grant,203924,2026-01-15,POR vs. ATL,23,16,2,3,0,2,1,1,9,0.444,9,16,W
Brandon Williams,1630314,2026-01-15,DAL vs. UTA,25,18,2,3,0,1,3,0,8,0.875,6,10,W
Collin Gillespie,1631221,2026-01-15,PHX @ DET,36,18,2,6,2,0,3,4,10,0.6,3,0,L
Kyle Filipowski,1642271,2026-01-15,UTA @ DAL,20,8,4,0,1,0,4,1,8,0.375,1,-11,L
Luka Dončić,1629029,2026-01-15,LAL vs. CHA,36,39,3,4,0,0,1,6,26,0.577,7,-13,L
Marcus Smart,203935,2026-01-15,LAL vs. CHA,32,10,4,3,2,0,0,1,9,0.333,4,-1,L
Amen Thompson,1641708,2026-01-15,HOU vs. OKC,40,13,9,3,2,0,0,0,16,0.25,8,-15,L
Julian Champagnie,1630577,2026-01-15,SAS vs. MIL,24,13,11,1,1,0,2,3,6,0.5,4,22,W
Vít Krejčí,1630249,2026-01-15,ATL @ POR,21,8,1,1,0,1,0,2,5,0.6,0,2,L
Karl-Anthony Towns,1626157,2026-01-15,NYK @ GSW,31,17,20,2,1,1,2,2,14,0.429,4,4,L
Brice Sensabaugh,1641729,2026-01-15,UTA @ DAL,28,27,5,1,0,0,0,3,15,0.667,4,-10,L
Brandin Podziemski,1641764,2026-01-15,GSW vs. NYK,26,19,5,2,2,0,3,2,9,0.889,2,22,W
Kyle Kuzma,1628398,2026-01-15,MIL @ SAS,21,18,3,2,1,0,0,5,17,0.353,1,-5,L
Keldon Johnson,1629640,2026-01-15,SAS vs. MIL,21,7,8,2,3,0,2,1,3,0.333,4,17,W
Mikal Bridges,1628969,2026-01-15,NYK @ GSW,35,21,1,3,0,0,0,3,11,0.818,0,-2,L
Jalen Johnson,1630552,2026-01-15,ATL @ POR,38,12,11,6,0,0,6,0,9,0.444,4,3,L
Neemias Queta,1629674,2026-01-15,BOS @ MIA,20,9,9,0,1,1,2,0,5,0.8,2,-1,W
AJ Green,1631260,2026-01-15,MIL @ SAS,15,6,0,1,0,0,0,2,4,0.5,0,-25,L
Pelle Larsson,1641796,2026-01-15,MIA vs. BOS,30,7,3,2,0,0,0,0,6,0.333,4,1,L
Duncan Robinson,1629130,2026-01-15,DET vs. PHX,27,19,1,0,0,1,0,4,12,0.583,3,12,W
Shai Gilgeous-Alexander,1628983,2026-01-15,OKC @ HOU,33,20,2,4,0,2,5,1,11,0.545,8,15,W
Jimmy Butler III,202710,2026-01-15,GSW vs. NYK,32,32,8,4,2,0,0,1,22,0.636,5,15,W
Reed Sheppard,1642263,2026-01-15,HOU vs. OKC,19,7,2,3,1,0,0,1,10,0.3,0,-10,L
Deandre Ayton,1629028,2026-01-15,LAL vs. CHA,32,12,6,1,1,1,1,0,10,0.6,0,-4,L
Cason Wallace,1641717,2026-01-15,OKC @ HOU,22,8,3,2,3,0,1,2,7,0.429,0,4,W
Myles Turner,1626167,2026-01-15,MIL @ SAS,23,5,3,3,0,0,0,1,7,0.286,0,-23,L
Cedric Coward,1642907,2026-01-15,MEM @ ORL,27,17,3,2,0,2,2,3,12,0.5,2,5,L
Anfernee Simons,1629014,2026-01-15,BOS @ MIA,34,39,4,4,1,0,2,7,28,0.464,6,18,W
Chet Holmgren,1631096,2026-01-15,OKC @ HOU,29,18,9,1,2,4,0,2,9,0.778,3,12,W
Toumani Camara,1641739,2026-01-15,POR vs. ATL,38,11,4,1,0,0,1,1,15,0.333,0,-1,W
Sidy Cissoko,1631321,2026-01-15,POR vs. ATL,22,6,3,1,1,0,0,2,7,0.286,0,-4,W
Nickeil Alexander-Walker,1629638,2026-01-15,ATL @ POR,29,11,6,7,1,0,3,2,6,0.333,6,-4,L
Oso Ighodaro,1642345,2026-01-15,PHX @ DET,26,10,3,0,6,1,0,0,8,0.5,5,8,L
Kevin Durant,201142,2026-01-15,HOU vs. OKC,37,19,7,3,3,1,2,0,23,0.304,5,-20,L
Jake LaRavia,1631222,2026-01-15,LAL vs. CHA,37,18,3,3,2,0,2,3,10,0.5,5,-6,L
Bam Adebayo,1628389,2026-01-15,MIA vs. BOS,33,22,4,5,0,0,1,3,19,0.421,4,13,L
De'Aaron Fox,1628368,2026-01-15,SAS vs. MIL,23,18,4,4,0,0,4,3,10,0.6,6,15,W
Moses Moody,1630541,2026-01-15,GSW vs. NYK,28,21,1,0,0,0,1,7,10,0.7,0,3,W
Ajay Mitchell,1642349,2026-01-15,OKC @ HOU,23,17,5,3,1,1,1,3,10,0.7,0,9,W
Isaiah Collier,1642268,2026-01-15,UTA @ DAL,29,10,5,12,1,0,1,0,11,0.364,2,-5,L
Victor Wembanyama,1641705,2026-01-15,SAS vs. MIL,22,22,10,1,0,2,1,5,12,0.583,3,27,W
Santi Aldama,1630583,2026-01-15,MEM @ ORL,30,18,5,1,1,0,1,4,11,0.545,3,-1,L
OG Anunoby,1628384,2026-01-15,NYK @ GSW,37,25,4,1,1,0,1,1,20,0.5,5,-6,L
Keyonte George,1641718,2026-01-15,UTA @ DAL,29,17,3,3,1,0,4,1,11,0.545,4,-21,L
Jalen Duren,1631105,2026-01-15,DET vs. PHX,28,16,18,2,0,2,1,0,13,0.615,1,23,W
Paolo Banchero,1631094,2026-01-15,MEM @ ORL,37,26,13,4,4,0,2,4,16,0.563,4,13,W
Bobby Portis,1626171,2026-01-15,MIL @ SAS,20,13,6,3,1,0,1,3,8,0.625,0,-15,L
Jaylen Wells,1642377,2026-01-15,MEM @ ORL,18,2,2,0,0,0,1,0,7,0.143,0,-22,L
Sion James,1642883,2026-01-15,CHA @ LAL,17,9,8,2,0,0,0,1,10,0.4,0,11,W
Alperen Sengun,1630578,2026-01-15,HOU vs. OKC,33,14,13,5,0,1,5,0,15,0.467,0,-15,L
Josh Hart,1628404,2026-01-15,NYK @ GSW,37,5,5,10,0,0,1,0,7,0.143,4,-10,L
Stephen Curry,201939,2026-01-15,GSW vs. NYK,34,27,3,7,1,1,3,4,17,0.588,3,3,W
Stephon Castle,1642264,2026-01-15,SAS vs. MIL,26,19,1,10,0,0,0,1,9,0.667,6,36,W
Dillon Brooks,1628415,2026-01-15,PHX @ DET,28,16,1,1,0,0,2,2,16,0.25,7,-17,L
Donovan Clingan,1642270,2026-01-15,POR vs. ATL,28,9,12,1,0,0,1,0,8,0.375,7,-8,W
Karl-Anthony Towns,1626157,2026-01-14,NYK @ SAC,33,13,4,1,5,0,3,0,14,0.357,4,-8,L
OG Anunoby,1628384,2026-01-14,NYK @ SAC,27,15,3,4,0,2,1,0,13,0.385,8,-16,L
Kyle Filipowski,1642271,2026-01-14,UTA @ CHI,31,19,7,4,3,0,1,1,15,0.6,0,-8,L
Keyonte George,1641718,2026-01-14,UTA @ CHI,34,25,3,7,1,0,2,0,17,0.471,10,2,L
Kevin Huerter,1628989,2026-01-14,CHI vs. UTA,19,10,3,1,0,0,2,2,7,0.429,2,11,W
Alex Sarr,1642259,2026-01-14,WAS @ LAC,13,4,1,1,0,2,2,0,7,0.286,0,-6,L
Naji Marshall,1630230,2026-01-14,DAL vs. DEN,38,24,5,3,0,0,3,0,16,0.563,8,-3,L
Brice Sensabaugh,1641729,2026-01-14,UTA @ CHI,34,43,5,2,2,0,2,5,22,0.682,8,-2,L
Nic Claxton,1629651,2026-01-14,BKN @ NOP,29,10,6,0,0,2,2,0,10,0.5,1,2,L
Cooper Flagg,1642843,2026-01-14,DAL vs. DEN,15,6,1,1,0,1,0,0,9,0.333,0,-11,L
Jarace Walker,1641716,2026-01-14,IND vs. TOR,18,11,1,2,0,0,0,3,10,0.4,0,-14,L
Pascal Siakam,1627783,2026-01-14,IND vs. TOR,35,26,10,4,0,0,4,4,23,0.435,3,-4,L
Miles McBride,1630540,2026-01-14,NYK @ SAC,28,10,6,6,0,0,1,2,14,0.286,0,-7,L
Terance Mann,1629611,2026-01-14,BKN @ NOP,17,3,2,3,0,0,1,1,1,1.0,2,-3,L
Klay Thompson,202691,2026-01-14,DAL vs. DEN,23,8,1,1,0,0,0,2,8,0.375,0,-9,L
Egor Dëmin,1642856,2026-01-14,BKN @ NOP,29,17,0,5,1,1,1,5,10,0.6,0,2,L
Ace Bailey,1642846,2026-01-14,UTA @ CHI,31,10,3,3,0,0,0,0,9,0.444,2,12,L
Russell Westbrook,201566,2026-01-14,SAC vs. NYK,39,19,6,11,0,0,4,2,13,0.462,7,4,W
Tyrese Maxey,1630178,2026-01-14,PHI vs. CLE,31,14,2,4,0,2,0,2,16,0.313,2,-22,L
Maxime Raynaud,1642875,2026-01-14,SAC vs. NYK,27,10,4,0,0,0,1,0,6,0.667,2,13,W
Spencer Jones,1642461,2026-01-14,DEN @ DAL,32,10,5,2,0,0,1,2,5,0.6,2,0,W
Jarrett Allen,1628386,2026-01-14,CLE @ PHI,26,10,5,2,0,0,2,0,6,0.833,1,16,W
Jamal Murray,1627750,2026-01-14,DEN @ DAL,38,33,2,5,0,0,3,2,24,0.542,5,10,W
Bruce Brown,1628971,2026-01-14,DEN @ DAL,24,7,5,1,0,0,1,0,5,0.6,2,4,W
VJ Edgecombe,1642845,2026-01-14,PHI vs. CLE,27,9,3,2,2,1,2,1,10,0.3,2,-18,L
Evan Mobley,1630596,2026-01-14,CLE @ PHI,34,17,13,6,1,4,2,1,10,0.7,4,27,W
Nikola Vučević,202696,2026-01-14,CHI vs. UTA,31,35,7,5,0,2,1,2,22,0.636,6,0,W
Andrew Nembhard,1629614,2026-01-14,IND vs. TOR,32,14,2,6,0,1,0,0,10,0.4,6,-21,L
Michael Porter Jr.,1629008,2026-01-14,BKN @ NOP,32,20,7,1,0,0,2,4,20,0.35,2,-2,L
Donovan Mitchell,1628378,2026-01-14,CLE @ PHI,33,35,7,9,1,0,1,5,22,0.5,8,29,W
Jaylon Tyson,1642281,2026-01-14,CLE @ PHI,25,12,5,3,1,0,2,3,9,0.444,2,10,W
Isaac Okoro,1630171,2026-01-14,CHI vs. UTA,34,12,2,3,0,0,0,1,10,0.5,1,0,W
Scottie Barnes,1630567,2026-01-14,TOR @ IND,38,26,7,13,2,1,3,1,16,0.625,9,14,W
Mikal Bridges,1628969,2026-01-14,NYK @ SAC,36,19,3,1,2,1,0,2,20,0.3,5,-11,L
Jalen Brunson,1628973,2026-01-14,NYK @ SAC,5,4,0,0,0,0,1,0,3,0.667,0,-8,L
Brandon Ingram,1627742,2026-01-14,TOR @ IND,36,30,7,4,1,0,1,3,23,0.522,4,0,W
Tre Johnson,1642848,2026-01-14,WAS @ LAC,27,10,2,3,1,0,2,2,10,0.4,0,4,L
Kyshawn George,1642273,2026-01-14,WAS @ LAC,32,23,5,4,1,0,0,2,15,0.6,4,5,L
P.J. Washington,1629023,2026-01-14,DAL vs. DEN,31,12,6,2,1,0,2,0,13,0.308,7,-8,L
Saddiq Bey,1630180,2026-01-14,NOP vs. BKN,26,12,4,1,1,0,0,1,8,0.375,6,-6,W
Kawhi Leonard,202695,2026-01-14,LAC vs. WAS,30,33,3,4,4,0,1,7,22,0.409,8,7,W
Derik Queen,1642852,2026-01-14,NOP vs. BKN,16,4,6,4,1,1,1,0,5,0.0,4,-14,W
Peyton Watson,1631212,2026-01-14,DEN @ DAL,31,18,5,2,0,0,2,2,12,0.5,5,2,W
Quentin Grimes,1629656,2026-01-14,PHI vs. CLE,22,8,5,0,1,0,1,2,7,0.429,0,-10,L
Matas Buzelis,1641824,2026-01-14,CHI vs. UTA,19,7,2,2,0,0,0,1,7,0.429,0,0,W
De'Andre Hunter,1629631,2026-01-14,CLE @ PHI,22,17,4,4,0,0,1,3,13,0.538,0,15,W
Tre Jones,1630200,2026-01-14,CHI vs. UTA,26,7,0,8,4,0,2,0,8,0.375,1,-11,W
Jamal Shead,1642347,2026-01-14,TOR @ IND,34,7,3,6,1,0,2,1,9,0.222,2,4,W
DeMar DeRozan,201942,2026-01-14,SAC vs. NYK,41,27,6,5,1,0,1,1,16,0.438,13,11,W
Ayo Dosunmu,1630245,2026-01-14,CHI vs. UTA,28,15,2,6,3,0,2,2,11,0.545,1,8,W
Bub Carrington,1642267,2026-01-14,WAS @ LAC,33,4,5,7,0,0,1,0,11,0.091,2,1,L
Kris Dunn,1627739,2026-01-14,LAC vs. WAS,23,4,2,3,3,0,0,0,1,1.0,2,-8,W
Trey Murphy III,1630530,2026-01-14,NOP vs. BKN,38,34,9,5,2,1,0,5,22,0.545,7,15,W
James Harden,201935,2026-01-14,LAC vs. WAS,37,22,5,8,0,0,2,2,17,0.294,10,1,W
Brandon Williams,1630314,2026-01-14,DAL vs. DEN,25,20,7,1,1,1,1,0,13,0.462,12,4,L
Zion Williamson,1629627,2026-01-14,NOP vs. BKN,30,25,6,2,1,2,4,0,14,0.786,5,-17,W
Josh Hart,1628404,2026-01-14,NYK @ SAC,32,10,5,5,0,1,2,2,7,0.571,2,-13,L
Tim Hardaway Jr.,203501,2026-01-14,DEN @ DAL,36,12,3,4,2,0,0,4,12,0.333,0,12,W
Noah Clowney,1641730,2026-01-14,BKN @ NOP,31,6,7,6,0,1,1,0,7,0.429,0,-2,L
Isaiah Collier,1642268,2026-01-14,UTA @ CHI,22,8,0,4,1,0,4,0,6,0.5,2,-8,L
Zach LaVine,203897,2026-01-14,SAC vs. NYK,36,25,5,1,0,0,3,5,14,0.571,4,16,W
Jeremiah Fears,1642847,2026-01-14,NOP vs. BKN,30,7,7,4,0,0,0,1,13,0.231,0,8,W
Jay Huff,1630643,2026-01-14,IND vs. TOR,16,7,4,0,0,3,1,0,6,0.5,1,-10,L
Ryan Rollins,1631157,2026-01-13,MIL vs. MIN,31,11,7,3,0,1,2,1,14,0.357,0,-23,L
Jalen Johnson,1630552,2026-01-13,ATL @ LAL,30,13,3,6,1,0,0,1,17,0.294,2,-23,L
Donte DiVincenzo,1628978,2026-01-13,MIN @ MIL,30,11,4,7,0,0,2,3,6,0.667,0,23,W
Ajay Mitchell,1642349,2026-01-13,OKC vs. SAS,30,11,6,4,1,0,3,0,8,0.5,3,4,W
Saddiq Bey,1630180,2026-01-13,NOP vs. DEN,32,17,4,2,0,0,0,1,8,0.5,10,-1,L
Victor Wembanyama,1641705,2026-01-13,SAS @ OKC,28,17,7,1,0,1,1,0,15,0.467,6,-14,L
Shai Gilgeous-Alexander,1628983,2026-01-13,OKC vs. SAS,34,34,5,5,0,4,2,1,23,0.478,13,29,W
Shaedon Sharpe,1631101,2026-01-13,POR @ GSW,28,19,2,2,1,0,1,1,15,0.6,2,-17,L
AJ Green,1631260,2026-01-13,MIL vs. MIN,26,9,0,2,0,0,0,3,9,0.333,0,-8,L
Spencer Jones,1642461,2026-01-13,DEN @ NOP,23,2,5,0,0,1,0,0,5,0.2,2,-6,W
Norman Powell,1626181,2026-01-13,MIA vs. PHX,32,27,5,3,1,0,1,4,18,0.556,4,13,W
Collin Gillespie,1631221,2026-01-13,PHX @ MIA,24,13,5,1,2,0,0,3,8,0.5,2,8,L
Jaden McDaniels,1630183,2026-01-13,MIN @ MIL,30,17,6,5,0,2,1,4,9,0.667,2,24,W
Devin Booker,1626164,2026-01-13,PHX @ MIA,40,24,9,9,1,0,4,1,19,0.316,11,-3,L
Bobby Portis,1626171,2026-01-13,MIL vs. MIN,27,14,7,1,2,0,0,2,12,0.5,0,-19,L
Jamal Murray,1627750,2026-01-13,DEN @ NOP,37,35,2,9,3,1,3,5,19,0.579,9,8,W
Rui Hachimura,1629060,2026-01-13,LAL vs. ATL,18,7,2,0,0,0,0,1,7,0.429,0,-1,W
Jordan Goodwin,1630692,2026-01-13,PHX @ MIA,17,2,4,1,1,1,0,0,5,0.2,0,-16,L
Dillon Brooks,1628415,2026-01-13,PHX @ MIA,36,25,4,0,2,0,3,1,24,0.458,3,1,L
Kevin Huerter,1628989,2026-01-13,CHI @ HOU,29,11,4,2,2,1,0,1,10,0.4,2,1,L
Draymond Green,203110,2026-01-13,GSW vs. POR,22,10,7,0,2,2,6,2,9,0.444,0,10,W
Jeremiah Fears,1642847,2026-01-13,NOP vs. DEN,26,10,3,3,0,1,4,0,9,0.333,4,-3,L
Luke Kornet,1628436,2026-01-13,SAS @ OKC,20,8,8,1,2,0,1,0,7,0.429,2,-9,L
Brandin Podziemski,1641764,2026-01-13,GSW vs. POR,22,15,4,1,2,0,1,3,10,0.6,0,18,W
Stephon Castle,1642264,2026-01-13,SAS @ OKC,36,20,7,8,1,0,5,3,13,0.462,7,-14,L
Donovan Clingan,1642270,2026-01-13,POR @ GSW,22,7,9,1,0,0,3,1,3,0.667,2,-7,L
Alperen Sengun,1630578,2026-01-13,HOU vs. CHI,36,23,7,11,0,1,3,0,18,0.556,4,19,W
Davion Mitchell,1630558,2026-01-13,MIA vs. PHX,19,9,3,6,1,0,1,1,6,0.667,0,9,W
Stephen Curry,201939,2026-01-13,GSW vs. POR,25,7,4,11,1,0,1,2,9,0.222,1,8,W
Matas Buzelis,1641824,2026-01-13,CHI @ HOU,37,19,6,2,0,0,2,2,14,0.5,4,-13,L
Dyson Daniels,1630700,2026-01-13,ATL @ LAL,33,8,8,5,2,0,0,0,6,0.667,0,-9,L
Pelle Larsson,1641796,2026-01-13,MIA vs. PHX,27,2,3,2,0,0,0,0,1,1.0,0,-2,W
Onyeka Okongwu,1630168,2026-01-13,ATL @ LAL,33,7,8,4,0,1,1,0,8,0.375,2,-22,L
Reed Sheppard,1642263,2026-01-13,HOU vs. CHI,22,8,1,1,0,0,0,2,8,0.375,0,-1,W
Kel'el Ware,1642276,2026-01-13,MIA vs. PHX,16,10,5,1,1,0,0,2,6,0.667,0,-3,W
Gary Trent Jr.,1629018,2026-01-13,MIL vs. MIN,14,6,0,1,0,0,0,2,5,0.4,0,-30,L
Oso Ighodaro,1642345,2026-01-13,PHX @ MIA,16,3,3,3,0,0,1,0,2,0.5,1,-3,L
Kevin Durant,201142,2026-01-13,HOU vs. CHI,40,28,10,4,0,0,3,1,23,0.522,4,4,W
CJ McCollum,203468,2026-01-13,ATL @ LAL,27,25,1,3,1,0,2,2,23,0.478,3,2,L
Jake LaRavia,1631222,2026-01-13,LAL vs. ATL,36,17,4,3,1,0,2,3,10,0.6,2,13,W
Ayo Dosunmu,1630245,2026-01-13,CHI @ HOU,23,7,4,3,0,0,0,1,8,0.375,0,-6,L
Vít Krejčí,1630249,2026-01-13,ATL @ LAL,21,11,2,4,1,0,1,1,11,0.364,2,-21,L
Nickeil Alexander-Walker,1629638,2026-01-13,ATL @ LAL,33,26,4,3,0,0,0,5,16,0.625,1,-37,L
Bam Adebayo,1628389,2026-01-13,MIA vs. PHX,32,29,9,4,2,1,1,4,15,0.733,4,9,W
Kyle Kuzma,1628398,2026-01-13,MIL vs. MIN,21,2,0,2,0,1,0,0,1,1.0,0,-37,L
De'Aaron Fox,1628368,2026-01-13,SAS @ OKC,34,14,5,5,1,0,2,2,9,0.556,2,-12,L
Derik Queen,1642852,2026-01-13,NOP vs. DEN,29,10,13,5,0,0,1,0,10,0.5,0,0,L
Julian Champagnie,1630577,2026-01-13,SAS @ OKC,34,13,6,1,0,1,0,4,10,0.4,3,-10,L
Marcus Smart,203935,2026-01-13,LAL vs. ATL,29,16,5,4,0,1,0,2,5,0.8,6,32,W
Sidy Cissoko,1631321,2026-01-13,POR @ GSW,26,3,3,0,0,0,3,1,4,0.25,0,-7,L
Naz Reid,1629675,2026-01-13,MIN @ MIL,28,19,3,2,1,0,2,2,12,0.667,3,18,W
Luka Dončić,1629029,2026-01-13,LAL vs. ATL,33,27,5,12,0,1,7,5,16,0.438,10,27,W
Amen Thompson,1641708,2026-01-13,HOU vs. CHI,42,23,5,2,2,0,3,1,10,0.6,10,-2,W
Moses Moody,1630541,2026-01-13,GSW vs. POR,23,14,2,3,0,1,0,4,9,0.556,0,12,W
Zion Williamson,1629627,2026-01-13,NOP vs. DEN,31,12,7,4,1,0,2,0,12,0.417,3,-4,L
Harrison Barnes,203084,2026-01-13,SAS @ OKC,24,2,0,1,0,1,0,0,7,0.143,0,-1,L
LeBron James,2544,2026-01-13,LAL vs. ATL,33,31,9,10,1,1,4,2,20,0.6,6,17,W
Royce O'Neale,1626220,2026-01-13,PHX @ MIA,32,8,4,4,1,0,1,2,10,0.3,0,3,L
Cason Wallace,1641717,2026-01-13,OKC vs. SAS,23,6,1,1,3,0,0,2,3,0.667,0,4,W
Bruce Brown,1628971,2026-01-13,DEN @ NOP,24,4,4,2,0,0,1,0,5,0.4,0,2,W
Isaac Okoro,1630171,2026-01-13,CHI @ HOU,25,9,4,1,0,0,0,2,9,0.333,2,-4,L
Julius Randle,203944,2026-01-13,MIN @ MIL,30,29,8,6,1,0,2,4,18,0.667,2,23,W
Nikola Vučević,202696,2026-01-13,CHI @ HOU,37,14,7,5,1,2,0,0,19,0.368,0,-10,L
Tim Hardaway Jr.,203501,2026-01-13,DEN @ NOP,33,18,4,2,0,0,1,3,9,0.444,7,12,W
Jaime Jaquez Jr.,1631170,2026-01-13,MIA vs. PHX,31,16,4,8,0,1,0,0,16,0.438,2,10,W
Mark Williams,1631109,2026-01-13,PHX @ MIA,31,18,14,1,1,0,1,0,13,0.615,2,-6,L
Peyton Watson,1631212,2026-01-13,DEN @ NOP,39,31,7,5,2,1,2,1,16,0.688,9,15,W
Deandre Ayton,1629028,2026-01-13,LAL vs. ATL,31,17,18,1,0,0,0,0,9,0.778,3,31,W
Chet Holmgren,1631096,2026-01-13,OKC vs. SAS,25,8,10,0,0,3,1,0,4,0.25,6,-9,W
Jimmy Butler III,202710,2026-01-13,GSW vs. POR,26,16,6,5,0,0,0,1,7,0.714,5,17,W
Tre Jones,1630200,2026-01-13,CHI @ HOU,27,34,2,7,1,0,2,5,12,0.917,8,2,L
Trey Murphy III,1630530,2026-01-13,NOP vs. DEN,34,31,5,2,1,0,4,4,18,0.611,5,-8,L
Keldon Johnson,1629640,2026-01-13,SAS @ OKC,20,9,3,0,0,0,1,1,11,0.364,0,-16,L
Andrew Wiggins,203952,2026-01-13,MIA vs. PHX,29,8,6,1,2,0,2,0,11,0.182,4,11,W
Toumani Camara,1641739,2026-01-13,POR @ GSW,29,6,4,2,0,1,2,2,8,0.25,0,-18,L
Jabari Smith Jr.,1631095,2026-01-13,HOU vs. CHI,34,18,7,0,0,0,0,2,13,0.462,6,2,W
Maxime Raynaud,1642875,2026-01-12,SAC vs. LAL,31,11,4,1,0,0,1,1,8,0.625,0,7,W
Jay Huff,1630643,2026-01-12,IND vs. BOS,28,20,3,2,2,1,2,4,12,0.667,0,20,W
Brice Sensabaugh,1641729,2026-01-12,UTA @ CLE,24,7,0,1,1,0,2,1,8,0.25,2,-5,W
LeBron James,2544,2026-01-12,LAL @ SAC,33,22,4,3,1,0,3,0,17,0.471,6,-9,L
Svi Mykhailiuk,1629004,2026-01-12,UTA @ CLE,26,11,1,3,0,0,3,3,7,0.571,0,18,W
Klay Thompson,202691,2026-01-12,DAL vs. BKN,27,18,2,1,1,1,1,6,13,0.462,0,7,W
Isaiah Collier,1642268,2026-01-12,UTA @ CLE,19,7,3,8,0,0,1,1,7,0.429,0,0,W
Jarrett Allen,1628386,2026-01-12,CLE vs. UTA,32,8,4,3,1,0,2,0,7,0.429,2,-6,L
Lauri Markkanen,1628374,2026-01-12,UTA @ CLE,36,28,12,2,1,1,1,3,16,0.5,12,18,W
Jamal Shead,1642347,2026-01-12,TOR vs. PHI,30,3,1,6,2,0,1,0,5,0.2,1,-5,L
Donovan Mitchell,1628378,2026-01-12,CLE vs. UTA,34,21,3,2,1,0,0,4,18,0.389,3,-12,L
De'Andre Hunter,1629631,2026-01-12,CLE vs. UTA,18,2,0,3,0,0,3,0,5,0.2,0,-2,L
Kris Dunn,1627739,2026-01-12,LAC vs. CHA,21,0,2,0,0,0,0,0,6,0.0,0,7,W
Zach LaVine,203897,2026-01-12,SAC vs. LAL,32,19,4,1,0,1,1,3,11,0.545,4,9,W
James Harden,201935,2026-01-12,LAC vs. CHA,38,32,4,10,4,0,1,3,28,0.393,8,1,W
Evan Mobley,1630596,2026-01-12,CLE vs. UTA,34,15,9,8,2,3,1,1,11,0.545,2,-11,L
Jarace Walker,1641716,2026-01-12,IND vs. BOS,25,11,7,1,1,0,1,3,9,0.444,0,-5,W
Anfernee Simons,1629014,2026-01-12,BOS @ IND,24,16,3,4,0,0,2,2,15,0.467,0,-4,L
Miles Bridges,1628970,2026-01-12,CHA @ LAC,34,11,6,1,0,0,1,1,10,0.3,4,-15,L
Deandre Ayton,1629028,2026-01-12,LAL @ SAC,27,13,13,1,0,2,2,0,7,0.571,8,-12,L
Derrick White,1628401,2026-01-12,BOS @ IND,36,18,4,5,0,0,4,2,21,0.333,2,1,L
Quentin Grimes,1629656,2026-01-12,PHI @ TOR,16,6,4,2,0,0,1,1,3,0.667,1,4,W
Immanuel Quickley,1630193,2026-01-12,TOR vs. PHI,32,18,6,0,1,0,1,2,18,0.444,0,-13,L
Pascal Siakam,1627783,2026-01-12,IND vs. BOS,34,21,8,6,2,1,2,0,15,0.667,2,11,W
Sion James,1642883,2026-01-12,CHA @ LAC,19,8,3,3,0,0,1,2,6,0.333,2,-6,L
Ivica Zubac,1627826,2026-01-12,LAC vs. CHA,27,9,11,2,0,0,0,0,6,0.667,2,3,W
John Collins,1628381,2026-01-12,LAC vs. CHA,30,3,5,1,0,0,1,1,4,0.25,0,16,W
Cooper Flagg,1642843,2026-01-12,DAL vs. BKN,35,27,5,5,3,1,0,2,17,0.588,6,5,W
Jaylon Tyson,1642281,2026-01-12,CLE vs. UTA,25,11,4,2,2,0,2,2,9,0.444,1,5,L
Kon Knueppel,1642851,2026-01-12,CHA @ LAC,35,18,5,4,0,0,2,0,12,0.667,2,-9,L
Russell Westbrook,201566,2026-01-12,SAC vs. LAL,34,22,5,7,1,0,5,4,16,0.5,4,10,W
Payton Pritchard,1630202,2026-01-12,BOS @ IND,37,23,4,8,2,0,0,3,22,0.455,0,1,L
VJ Edgecombe,1642845,2026-01-12,PHI @ TOR,33,15,2,8,1,0,2,5,7,0.714,0,8,W
Andrew Nembhard,1629614,2026-01-12,IND vs. BOS,33,13,6,9,2,0,3,3,14,0.357,0,12,W
Michael Porter Jr.,1629008,2026-01-12,BKN @ DAL,33,28,9,3,1,0,6,6,17,0.529,4,-3,L
Max Christie,1631108,2026-01-12,DAL vs. BKN,34,10,5,2,1,0,1,1,12,0.333,2,-1,W
Jake LaRavia,1631222,2026-01-12,LAL @ SAC,31,2,2,3,1,0,0,0,7,0.143,0,-10,L
Neemias Queta,1629674,2026-01-12,BOS @ IND,32,15,8,2,2,1,3,0,9,0.778,3,-12,L
DeMar DeRozan,201942,2026-01-12,SAC vs. LAL,37,32,2,6,3,0,0,0,19,0.737,5,4,W
Jusuf Nurkić,203994,2026-01-12,UTA @ CLE,30,11,17,3,3,2,1,1,9,0.444,2,13,W
Ace Bailey,1642846,2026-01-12,UTA @ CLE,15,4,3,2,0,1,0,0,4,0.5,0,-1,W
Tyrese Maxey,1630178,2026-01-12,PHI @ TOR,35,33,4,2,1,0,1,6,16,0.625,7,13,W
Scottie Barnes,1630567,2026-01-12,TOR vs. PHI,35,15,4,3,2,1,2,0,16,0.313,5,-13,L
Terance Mann,1629611,2026-01-12,BKN @ DAL,29,5,3,6,1,0,0,1,6,0.333,0,3,L
LaMelo Ball,1630163,2026-01-12,CHA @ LAC,32,25,9,5,1,0,3,3,24,0.458,0,-6,L
Luka Dončić,1629029,2026-01-12,LAL @ SAC,37,42,7,8,4,0,4,2,25,0.64,8,-10,L
Marcus Smart,203935,2026-01-12,LAL @ SAC,31,1,2,2,2,0,0,0,5,0.0,2,-20,L
Naji Marshall,1630230,2026-01-12,DAL vs. BKN,32,22,4,9,3,1,2,0,14,0.643,4,12,W
Brandon Ingram,1627742,2026-01-12,TOR vs. PHI,34,17,10,7,0,0,3,0,15,0.333,7,-7,L
Nic Claxton,1629651,2026-01-12,BKN @ DAL,25,13,6,5,0,3,2,0,9,0.667,2,-10,L
Kyle Filipowski,1642271,2026-01-12,UTA @ CLE,17,4,3,0,1,0,0,0,3,0.667,0,1,W
Noah Clowney,1641730,2026-01-12,BKN @ DAL,29,13,2,2,1,1,1,1,9,0.444,4,-7,L
Moussa Diabaté,1631217,2026-01-12,CHA @ LAC,35,13,15,4,1,4,1,0,10,0.6,2,-4,L
Sam Hauser,1630573,2026-01-12,BOS @ IND,33,8,8,1,0,0,1,2,7,0.286,2,-6,L
Kawhi Leonard,202695,2026-01-12,LAC vs. CHA,31,35,5,3,0,0,1,5,19,0.579,9,8,W
Sandro Mamukelashvili,1630572,2026-01-12,TOR vs. PHI,21,8,2,2,0,1,0,0,7,0.429,5,-9,L
Keyonte George,1641718,2026-01-12,UTA @ CLE,34,32,5,9,1,0,4,4,16,0.5,12,6,W
CJ McCollum,203468,2026-01-11,ATL @ GSW,24,12,0,4,1,0,0,0,14,0.357,4,19,W
Andrew Wiggins,203952,2026-01-11,MIA @ OKC,37,23,5,3,2,1,6,7,16,0.5,0,-14,L
Ryan Rollins,1631157,2026-01-11,MIL @ DEN,35,2,6,4,1,2,2,0,9,0.111,0,9,L
Maxime Raynaud,1642875,2026-01-11,SAC vs. HOU,20,12,9,1,0,0,1,0,10,0.6,0,8,W
Harrison Barnes,203084,2026-01-11,SAS @ MIN,32,13,1,4,0,0,1,3,11,0.455,0,7,L
Royce O'Neale,1626220,2026-01-11,PHX vs. WAS,25,19,7,4,2,0,3,5,11,0.545,2,18,W
Julian Champagnie,1630577,2026-01-11,SAS @ MIN,36,14,10,1,0,0,1,3,9,0.444,3,-1,L
Anthony Edwards,1630162,2026-01-11,MIN vs. SAS,38,23,2,3,0,0,0,1,21,0.476,5,-4,W
Russell Westbrook,201566,2026-01-11,SAC vs. HOU,34,15,6,10,1,0,3,3,12,0.5,0,7,W
Rudy Gobert,203497,2026-01-11,MIN vs. SAS,29,2,14,3,1,1,0,0,4,0.25,2,-14,W
Collin Gillespie,1631221,2026-01-11,PHX vs. WAS,29,2,6,5,4,0,0,0,6,0.0,3,14,W
Karl-Anthony Towns,1626157,2026-01-11,NYK @ POR,28,20,11,3,0,2,2,2,13,0.692,1,-3,W
Anthony Black,1641710,2026-01-11,ORL vs. NOP,36,26,5,7,3,0,4,3,10,0.9,7,17,W
Jalen Brunson,1628973,2026-01-11,NYK @ POR,37,26,6,8,1,0,2,3,19,0.526,3,18,W
Jock Landale,1629111,2026-01-11,MEM vs. BKN,28,16,9,1,2,0,1,2,11,0.545,2,7,W
Jabari Smith Jr.,1631095,2026-01-11,HOU @ SAC,33,9,7,0,1,1,2,0,13,0.308,3,-10,L
Devin Booker,1626164,2026-01-11,PHX vs. WAS,26,17,3,8,0,0,1,1,14,0.357,6,16,W
Sidy Cissoko,1631321,2026-01-11,POR vs. NYK,28,5,2,3,0,0,0,1,6,0.333,0,3,L
Tyrese Maxey,1630178,2026-01-11,PHI @ TOR,45,38,4,5,2,2,5,2,27,0.481,12,17,L
Scottie Barnes,1630567,2026-01-11,TOR vs. PHI,43,31,7,8,0,0,4,1,19,0.526,12,15,W
Amen Thompson,1641708,2026-01-11,HOU @ SAC,41,31,13,6,0,0,5,0,17,0.647,12,-13,L
Trey Murphy III,1630530,2026-01-11,NOP @ ORL,37,21,7,6,0,0,3,3,15,0.533,2,-11,L
Dyson Daniels,1630700,2026-01-11,ATL @ GSW,31,11,7,9,0,1,3,0,8,0.625,2,8,W
Jalen Johnson,1630552,2026-01-11,ATL @ GSW,33,23,11,6,1,2,0,1,16,0.563,6,11,W
DeMar DeRozan,201942,2026-01-11,SAC vs. HOU,37,22,2,6,0,0,0,0,13,0.615,6,13,W
Toumani Camara,1641739,2026-01-11,POR vs. NYK,39,11,6,2,1,1,2,1,8,0.375,4,-20,L
Mikal Bridges,1628969,2026-01-11,NYK @ POR,34,18,6,6,3,1,1,2,15,0.533,0,18,W
Julius Randle,203944,2026-01-11,MIN vs. SAS,35,15,8,4,1,0,2,0,11,0.364,12,-10,W
Nickeil Alexander-Walker,1629638,2026-01-11,ATL @ GSW,34,24,2,2,3,0,1,3,18,0.5,3,9,W
Jaden McDaniels,1630183,2026-01-11,MIN vs. SAS,36,12,5,1,2,3,1,0,9,0.556,2,-3,W
Kevin Durant,201142,2026-01-11,HOU @ SAC,38,23,4,6,0,0,1,4,18,0.5,1,-9,L
Shai Gilgeous-Alexander,1628983,2026-01-11,OKC vs. MIA,32,29,5,8,1,1,3,2,19,0.526,9,8,W
Desmond Bane,1630217,2026-01-11,ORL vs. NOP,35,27,5,4,2,0,3,1,18,0.5,8,17,W
Onyeka Okongwu,1630168,2026-01-11,ATL @ GSW,33,18,12,8,2,0,1,3,14,0.429,4,8,W
Donte DiVincenzo,1628978,2026-01-11,MIN vs. SAS,38,19,9,7,3,1,2,5,16,0.438,0,3,W
Tristan da Silva,1641783,2026-01-11,ORL vs. NOP,19,16,0,1,0,0,0,4,7,0.571,4,-7,W
Immanuel Quickley,1630193,2026-01-11,TOR vs. PHI,40,20,5,7,4,0,2,2,22,0.273,9,13,W
Deni Avdija,1630166,2026-01-11,POR vs. NYK,38,25,5,4,3,1,5,1,17,0.471,10,-13,L
Luke Kornet,1628436,2026-01-11,SAS @ MIN,23,6,12,0,1,1,0,0,4,0.75,0,-21,L
VJ Edgecombe,1642845,2026-01-11,PHI @ TOR,45,17,4,4,2,0,4,2,19,0.316,4,-12,L
Peyton Watson,1631212,2026-01-11,DEN vs. MIL,39,19,8,6,0,2,3,4,19,0.368,2,2,W
Alperen Sengun,1630578,2026-01-11,HOU @ SAC,35,19,9,4,2,1,1,1,20,0.4,6,-11,L
Quentin Grimes,1629656,2026-01-11,PHI @ TOR,35,13,7,1,1,0,4,1,9,0.444,5,4,L
Shaedon Sharpe,1631101,2026-01-11,POR vs. NYK,35,23,6,3,2,0,4,1,17,0.529,4,3,L
Stephon Castle,1642264,2026-01-11,SAS @ MIN,35,11,6,5,0,0,7,0,11,0.182,10,1,L
Ajay Mitchell,1642349,2026-01-11,OKC vs. MIA,27,16,4,1,0,0,1,0,15,0.533,0,22,W
Bruce Brown,1628971,2026-01-11,DEN vs. MIL,24,7,6,4,0,1,0,0,7,0.143,6,15,W
Keldon Johnson,1629640,2026-01-11,SAS @ MIN,26,15,2,0,0,0,1,3,8,0.625,2,-4,L
Kyle Kuzma,1628398,2026-01-11,MIL @ DEN,26,11,6,0,0,0,0,1,13,0.385,1,-14,L
Moses Moody,1630541,2026-01-11,GSW vs. ATL,17,2,1,1,0,0,0,0,3,0.0,3,-6,L
Zion Williamson,1629627,2026-01-11,NOP @ ORL,32,22,3,3,2,1,1,0,14,0.643,5,-10,L
Zach LaVine,203897,2026-01-11,SAC vs. HOU,28,18,2,1,0,0,3,3,11,0.455,6,-1,W
Kyshawn George,1642273,2026-01-11,WAS @ PHX,26,5,2,4,0,2,6,1,10,0.2,0,-1,L
Jamal Shead,1642347,2026-01-11,TOR vs. PHI,37,22,1,6,0,0,1,2,15,0.467,8,-13,W
Reed Sheppard,1642263,2026-01-11,HOU @ SAC,15,6,0,2,0,1,0,1,4,0.5,1,-4,L
Tre Johnson,1642848,2026-01-11,WAS @ PHX,30,19,5,3,0,0,2,3,15,0.533,0,-16,L
Cedric Coward,1642907,2026-01-11,MEM vs. BKN,27,21,8,1,1,0,2,5,15,0.533,0,6,W
Bobby Portis,1626171,2026-01-11,MIL @ DEN,17,14,2,0,0,1,0,2,9,0.667,0,-3,L
Josh Hart,1628404,2026-01-11,NYK @ POR,31,18,3,6,2,1,4,3,15,0.467,2,0,W
Draymond Green,203110,2026-01-11,GSW vs. ATL,29,5,9,4,0,1,1,0,4,0.5,2,-7,L
Sandro Mamukelashvili,1630572,2026-01-11,TOR vs. PHI,18,0,1,2,1,0,1,0,3,0.0,0,-17,W
Kel'el Ware,1642276,2026-01-11,MIA @ OKC,16,8,1,0,1,0,1,0,8,0.5,0,-3,L
Luguentz Dort,1629652,2026-01-11,OKC vs. MIA,19,4,4,0,1,0,2,0,3,0.333,2,3,W
Cam Spencer,1642285,2026-01-11,MEM vs. BKN,30,12,4,13,0,0,3,1,7,0.429,5,2,W
Vít Krejčí,1630249,2026-01-11,ATL @ GSW,21,5,5,0,1,0,1,1,4,0.25,4,-3,W
Alex Sarr,1642259,2026-01-11,WAS @ PHX,28,19,15,1,1,3,2,0,15,0.467,5,-10,L
Terance Mann,1629611,2026-01-11,BKN @ MEM,26,7,4,1,0,1,3,1,6,0.5,2,-13,L
Mark Williams,1631109,2026-01-11,PHX vs. WAS,22,11,7,2,0,3,0,0,6,0.833,1,10,W
Gary Trent Jr.,1629018,2026-01-11,MIL @ DEN,15,0,0,2,0,0,0,0,2,0.0,0,-21,L
Spencer Jones,1642461,2026-01-11,DEN vs. MIL,25,5,2,0,1,0,0,1,9,0.222,0,-17,W
Egor Dëmin,1642856,2026-01-11,BKN @ MEM,28,7,1,4,0,0,1,2,5,0.4,2,-16,L
Santi Aldama,1630583,2026-01-11,MEM vs. BKN,33,15,8,3,1,3,1,1,10,0.7,0,8,W
OG Anunoby,1628384,2026-01-11,NYK @ POR,34,24,7,3,1,0,1,4,15,0.6,2,10,W
Donovan Clingan,1642270,2026-01-11,POR vs. NYK,30,8,8,1,0,2,1,0,6,0.5,2,-23,L
Bam Adebayo,1628389,2026-01-11,MIA @ OKC,32,6,14,4,1,1,2,0,10,0.3,2,-9,L
Bub Carrington,1642267,2026-01-11,WAS @ PHX,32,9,4,7,1,0,1,1,5,0.6,2,-17,L
Brandin Podziemski,1641764,2026-01-11,GSW vs. ATL,16,3,1,1,1,0,0,1,4,0.25,0,-21,L
Jeremiah Fears,1642847,2026-01-11,NOP @ ORL,28,16,4,3,2,0,2,2,12,0.583,0,-9,L
Jaren Jackson Jr.,1628991,2026-01-11,MEM vs. BKN,30,14,5,2,0,3,3,0,11,0.273,8,5,W
Nic Claxton,1629651,2026-01-11,BKN @ MEM,27,7,3,5,0,2,0,0,7,0.429,3,-10,L
Dillon Brooks,1628415,2026-01-11,PHX vs. WAS,24,16,1,1,0,0,2,4,14,0.357,2,10,W
Noah Clowney,1641730,2026-01-11,BKN @ MEM,30,17,6,1,3,1,2,4,17,0.235,7,-14,L
Pelle Larsson,1641796,2026-01-11,MIA @ OKC,28,16,3,3,1,1,2,1,11,0.545,4,0,L
Miles McBride,1630540,2026-01-11,NYK @ POR,35,8,0,3,0,0,1,2,11,0.273,0,1,W
Tim Hardaway Jr.,203501,2026-01-11,DEN vs. MIL,35,25,2,0,2,0,1,5,12,0.667,5,27,W
Jaime Jaquez Jr.,1631170,2026-01-11,MIA @ OKC,20,5,0,3,1,0,5,1,3,0.667,0,-10,L
Derik Queen,1642852,2026-01-11,NOP @ ORL,28,10,3,6,2,2,4,0,8,0.5,3,-19,L
Naz Reid,1629675,2026-01-11,MIN vs. SAS,31,17,11,2,2,1,2,3,18,0.389,0,23,W
Paolo Banchero,1631094,2026-01-11,ORL vs. NOP,39,23,8,8,1,1,4,0,16,0.438,10,18,W
Oso Ighodaro,1642345,2026-01-11,PHX vs. WAS,20,10,3,2,2,2,1,0,5,0.8,4,11,W
De'Aaron Fox,1628368,2026-01-11,SAS @ MIN,34,12,8,4,1,0,2,0,19,0.316,0,7,L
Chet Holmgren,1631096,2026-01-11,OKC vs. MIA,32,16,10,2,1,3,0,1,13,0.538,2,9,W
Myles Turner,1626167,2026-01-11,MIL @ DEN,24,16,5,0,0,0,0,3,8,0.625,4,-5,L
Cason Wallace,1641717,2026-01-11,OKC vs. MIA,26,3,4,2,1,0,1,0,6,0.167,2,-12,W
Victor Wembanyama,1641705,2026-01-11,SAS @ MIN,27,29,7,1,3,0,1,3,18,0.444,10,17,L
Jimmy Butler III,202710,2026-01-11,GSW vs. ATL,34,30,7,6,2,0,2,2,19,0.526,8,-5,L
AJ Green,1631260,2026-01-11,MIL @ DEN,37,14,5,4,0,0,1,4,8,0.625,0,11,L
Stephen Curry,201939,2026-01-11,GSW vs. ATL,33,31,3,5,0,0,3,3,21,0.524,6,-9,L
Davion Mitchell,1630558,2026-01-11,MIA @ OKC,31,13,3,10,1,0,2,3,7,0.714,0,-4,L
Jaylen Wells,1642377,2026-01-11,MEM vs. BKN,22,2,2,1,1,0,0,0,7,0.143,0,0,W
Jordan Goodwin,1630692,2026-01-11,PHX vs. WAS,22,3,6,4,1,0,4,1,9,0.111,1,2,W
Kentavious Caldwell-Pope,203484,2026-01-11,MEM vs. BKN,20,14,4,1,0,0,0,2,11,0.455,2,-4,W
